sample,signal_type,horizon_sessions,n,benchmark_n,tickers,bullish,bearish,raw_match_rate,raw_match_ci_low,raw_match_ci_high,excess_match_rate,net_match_rate_10bps,mean_directional_return,median_directional_return,mean_directional_excess,median_directional_excess,mean_excess_ci_low,mean_excess_ci_high,mean_mfe,mean_mae,overlap_consensus_rate
all_events,smart_alpha_pure,1,76,76,66,65,11,0.4605263157894737,0.3530754655326989,0.5717757398539667,0.4868421052631579,0.4342105263157895,0.0007965146840445166,-0.002421579173519983,0.0006586270125336547,-0.0008449029475318115,-0.008962946962936232,0.010940693714231025,0.036140556166159035,-0.02937444053949263,0.0
all_events,smart_alpha_pure,5,76,76,66,65,11,0.4868421052631579,0.377835392150506,0.5971150096450492,0.4605263157894737,0.4868421052631579,0.001250072352984143,-0.010572967262854394,-0.00036894751029652243,-0.011930137902866456,-0.027917191731925316,0.027211838813855423,0.08688949458025275,-0.08094026822454467,0.0
all_events,smart_alpha_pure,20,71,71,62,60,11,0.4647887323943662,0.35358257090400147,0.5796096644303581,0.43661971830985913,0.4647887323943662,-0.0016105236667878424,-0.03394255874673624,-0.004758601542450988,-0.012746819274648935,-0.06344340100384208,0.068591630056325,0.189601568157935,-0.14544864775288627,0.0
all_events,smart_alpha_pure,60,59,59,54,48,11,0.423728813559322,0.3061253228310244,0.5506574452716337,0.3559322033898305,0.423728813559322,-0.05932449035869897,-0.10325770796974998,-0.07236463474280441,-0.09012348945749293,-0.16124941606392232,0.025598580223034403,0.26955303184348667,-0.2651352796635569,0.0
all_events,smart_alpha_ui,1,72,72,42,63,9,0.4861111111111111,0.3743248074300839,0.5993044408980104,0.5,0.4583333333333333,0.0020395599669258135,-0.00033332776927119667,0.0005642660239890669,-0.00028772845142227554,-0.010026709935151876,0.012683739680866056,0.03527040605598376,-0.03196052141310303,0.5694444444444444
all_events,smart_alpha_ui,5,72,72,42,63,9,0.5416666666666666,0.42739664196707616,0.6517156130486407,0.4861111111111111,0.5416666666666666,-0.004515633458176942,0.0058750688329820555,-0.006264400396861529,-0.0008115104457619982,-0.028053227548964357,0.015858898020105677,0.07898780065036903,-0.08019037730551698,0.5694444444444444
all_events,smart_alpha_ui,20,69,69,40,60,9,0.463768115942029,0.35113991297637237,0.5802179923963817,0.43478260869565216,0.463768115942029,-0.022834929942520923,-0.037745344740815256,-0.026775348548587888,-0.020576826605358756,-0.07634518882575676,0.024264736386043227,0.15227293893971655,-0.14780616324264542,0.5797101449275363
all_events,smart_alpha_ui,60,50,50,32,42,8,0.36,0.24138562967182875,0.49859237989698046,0.38,0.36,0.0025620947216395827,-0.09581444328989802,-0.016773923285740466,-0.09372569966742045,-0.11513157101656471,0.11736192712156863,0.2733103048530501,-0.24452682050979077,0.52
all_events,smart_consensus,1,945,926,104,867,78,0.48148148148148145,0.4497633963878128,0.5133495194034003,0.4838012958963283,0.46455026455026455,-0.00235602445849937,-0.0011963439728190917,-0.002286942513309379,-0.0008394150447282311,-0.005466739479457667,0.00034860154460907646,0.025096940496339617,-0.027666367039093257,0.0
all_events,smart_consensus,5,945,915,104,867,78,0.4486772486772487,0.41723760260384846,0.4805324783032281,0.4382513661202186,0.44656084656084655,-0.009446844348135358,-0.008442404668819847,-0.009289105794261421,-0.009394612537863667,-0.017494292975126734,-0.0015942286648298097,0.065520322172998,-0.07422816126396785,0.0
all_events,smart_consensus,20,838,813,91,772,66,0.4200477326968974,0.3870689934058702,0.4537561689524643,0.3960639606396064,0.41646778042959426,-0.013879736608694506,-0.02505795258189747,-0.020313339227514427,-0.023121659975725017,-0.038946722602954245,-0.000722517623563683,0.13633397173569248,-0.14591270789599065,0.0
all_events,smart_consensus,60,440,438,56,388,52,0.425,0.37965382320018853,0.4716444778153089,0.3447488584474886,0.42045454545454547,0.06643790852880192,-0.02334251388235875,0.03556158233133394,-0.05230659254823078,-0.058437546293389014,0.19650096058894914,0.3230293923682533,-0.19433365544359987,0.0
non_overlapping,smart_alpha_pure,1,76,76,66,65,11,0.4605263157894737,0.3530754655326989,0.5717757398539667,0.4868421052631579,0.4342105263157895,0.0007965146840445166,-0.002421579173519983,0.0006586270125336547,-0.0008449029475318115,-0.008962946962936232,0.010940693714231025,0.036140556166159035,-0.02937444053949263,0.0
non_overlapping,smart_alpha_pure,5,74,74,66,63,11,0.47297297297297297,0.36338517790283736,0.5852284168845255,0.44594594594594594,0.47297297297297297,-0.0005881366560770594,-0.01471566997693724,-0.0022146628696687177,-0.014172322416748206,-0.030337573804924224,0.02681984458775573,0.08624874403392345,-0.0795259198035075,0.0
non_overlapping,smart_alpha_pure,20,67,67,62,56,11,0.4626865671641791,0.34858248875358616,0.5808375130532616,0.44776119402985076,0.4626865671641791,0.0014557153133464352,-0.03394255874673624,-0.0013394178631462414,-0.012746819274648935,-0.06378585903735001,0.07605146793603383,0.18961888524902684,-0.14787512046737436,0.0
non_overlapping,smart_alpha_pure,60,55,55,54,45,10,0.4,0.28118303786433585,0.5318743908935498,0.34545454545454546,0.4,-0.063607541663879,-0.10820332159033719,-0.07831005751543878,-0.10581373176939923,-0.1716952828350166,0.02580447122579357,0.28179491305899895,-0.27253207212316743,0.0
non_overlapping,smart_alpha_ui,1,71,71,42,62,9,0.4788732394366197,0.36677330370106553,0.5931420374995502,0.49295774647887325,0.4507042253521127,0.0016407511178440583,-0.0006061655697955359,0.00027304975599763866,-0.0009351333069154144,-0.01039441139271221,0.01262119780528518,0.03507846525631754,-0.03236863163726567,0.5633802816901409
non_overlapping,smart_alpha_ui,5,61,61,42,52,9,0.5245901639344263,0.4015694171531101,0.6446971771320402,0.45901639344262296,0.5245901639344263,-0.00788498708333833,0.0034266133637921303,-0.008537661982305746,-0.005637646275519659,-0.03614686611981244,0.017989082493909337,0.08095538660402266,-0.08278507866512903,0.5245901639344263
non_overlapping,smart_alpha_ui,20,50,50,40,42,8,0.52,0.3851151225880844,0.6520308760449429,0.5,0.52,-0.0063689082719889534,0.009619483774151116,-0.009587607996545486,-0.002329348784888663,-0.055834430780335176,0.03534119994436834,0.15627340402475287,-0.14584250600140775,0.52
non_overlapping,smart_alpha_ui,60,36,36,32,29,7,0.4166666666666667,0.27140333505087283,0.5780003033572232,0.4722222222222222,0.4166666666666667,0.043310959793402444,-0.08649441559358617,0.025146662127845838,-0.04647089633421564,-0.10423832546779525,0.17158315805859847,0.31949066594863246,-0.24533972326563058,0.4444444444444444
non_overlapping,smart_consensus,1,869,857,104,794,75,0.476409666283084,0.4433792866644481,0.5096477001336146,0.485414235705951,0.4579976985040276,-0.002642843502540435,-0.0015513764156309673,-0.002380369880371617,-0.0006272334890238263,-0.0056048020122627705,0.0003375448864925557,0.025289015474581088,-0.02807585284466165,0.0
non_overlapping,smart_consensus,5,484,479,104,441,43,0.42355371900826444,0.38030352315572946,0.4680078959606394,0.4112734864300626,0.4194214876033058,-0.01165927552212218,-0.013714482077807233,-0.011154133146237573,-0.011039465630462875,-0.021067448487908882,-0.002072738682023181,0.06639696849529714,-0.07754762471945291,0.0
non_overlapping,smart_consensus,20,223,223,91,205,18,0.4663677130044843,0.402014559167217,0.5318600035232243,0.4260089686098655,0.4663677130044843,-0.00954812897731107,-0.02113171757636445,-0.0183221006338103,-0.022973595642630462,-0.0446550995790271,0.006476677597775914,0.1575593936369422,-0.14851007282614745,0.0
non_overlapping,smart_consensus,60,86,86,56,76,10,0.45348837209302323,0.3525142050420289,0.5584401857969586,0.4069767441860465,0.45348837209302323,0.05574102765614995,-0.017098049092566125,0.022450138576374394,-0.04254180882641473,-0.056699931961857325,0.10702481339613425,0.3708911906427336,-0.20846653586681516,0.0
