sample,signal_type,horizon_sessions,dimension,bucket,n,benchmark_n,tickers,raw_match_rate,raw_match_ci_low,raw_match_ci_high,net_match_rate_10bps,mean_directional_return,median_directional_return,mean_directional_excess,median_directional_excess,mean_excess_ci_low,mean_excess_ci_high
all_events,smart_alpha_pure,1,direction,bear,11,11,11,0.36363636363636365,0.15166223614131383,0.6462032231083628,0.2727272727272727,-0.008608769758472972,-0.0034339153941695955,-0.007938722406287407,-0.0034898354537051812,-0.022231612107371526,0.00424893112624768
all_events,smart_alpha_pure,1,direction,bull,65,65,58,0.47692307692307695,0.36021590253064156,0.5962057959772373,0.46153846153846156,0.0023881782050859377,-0.002140688749822983,0.0021135630680264497,0.0013947012779658152,-0.008971807793556186,0.0126386874584356
all_events,smart_alpha_pure,1,source_count,1,76,76,66,0.4605263157894737,0.3530754655326989,0.5717757398539667,0.4342105263157895,0.0007965146840445166,-0.002421579173519983,0.0006586270125336547,-0.0008449029475318115,-0.008962946962936232,0.010940693714231025
all_events,smart_alpha_pure,1,agreement,unanimous,76,76,66,0.4605263157894737,0.3530754655326989,0.5717757398539667,0.4342105263157895,0.0007965146840445166,-0.002421579173519983,0.0006586270125336547,-0.0008449029475318115,-0.008962946962936232,0.010940693714231025
all_events,smart_alpha_pure,1,period,first_half_through_2026-01-26,35,35,32,0.42857142857142855,0.27984333081678914,0.5914287074102662,0.4,-0.003438112699410824,-0.0035716715422817735,-0.0030689092372630116,-0.0022437859447332897,-0.016462598871213385,0.012367799656956465
all_events,smart_alpha_pure,1,period,second_half_after_2026-01-26,41,41,39,0.4878048780487805,0.34254187239935696,0.635157406841348,0.4634146341463415,0.004411440499189319,-6.0489968746857414e-05,0.0038406701526039794,0.0022862204383541362,-0.010556903465251958,0.018744582082702358
all_events,smart_alpha_pure,1,consensus_overlap,standalone,76,76,66,0.4605263157894737,0.3530754655326989,0.5717757398539667,0.4342105263157895,0.0007965146840445166,-0.002421579173519983,0.0006586270125336547,-0.0008449029475318115,-0.008962946962936232,0.010940693714231025
all_events,smart_alpha_pure,5,direction,bear,11,11,11,0.5454545454545454,0.28008775568998817,0.7872904245601196,0.5454545454545454,0.002238673573947318,0.01625412008013949,-0.00545134177814591,0.004279119246109242,-0.04658577763629455,0.03356859478036159
all_events,smart_alpha_pure,5,direction,bull,65,65,58,0.47692307692307695,0.36021590253064156,0.5962057959772373,0.47692307692307695,0.0010827706078980674,-0.017741415207765177,0.0004911499811856815,-0.016375906950885977,-0.031175884312819698,0.03392698156613087
all_events,smart_alpha_pure,5,source_count,1,76,76,66,0.4868421052631579,0.377835392150506,0.5971150096450492,0.4868421052631579,0.001250072352984143,-0.010572967262854394,-0.00036894751029652243,-0.011930137902866456,-0.027917191731925316,0.027211838813855423
all_events,smart_alpha_pure,5,agreement,unanimous,76,76,66,0.4868421052631579,0.377835392150506,0.5971150096450492,0.4868421052631579,0.001250072352984143,-0.010572967262854394,-0.00036894751029652243,-0.011930137902866456,-0.027917191731925316,0.027211838813855423
all_events,smart_alpha_pure,5,period,first_half_through_2026-01-26,35,35,32,0.6571428571428571,0.4915164687273671,0.7916850471731106,0.6571428571428571,0.005065503324461052,0.01532175689479054,0.002620933815655941,0.010377938219243932,-0.03719637486908745,0.04104040301561817
all_events,smart_alpha_pure,5,period,second_half_after_2026-01-26,41,41,39,0.34146341463414637,0.21558617366643462,0.4945044564627312,0.34146341463414637,-0.0020070028665693154,-0.029427312775330505,-0.0029212852275730156,-0.028682362603599798,-0.03992487169864485,0.040327311959899026
all_events,smart_alpha_pure,5,consensus_overlap,standalone,76,76,66,0.4868421052631579,0.377835392150506,0.5971150096450492,0.4868421052631579,0.001250072352984143,-0.010572967262854394,-0.00036894751029652243,-0.011930137902866456,-0.027917191731925316,0.027211838813855423
all_events,smart_alpha_pure,20,direction,bear,11,11,11,0.45454545454545453,0.21270957543988045,0.7199122443100118,0.45454545454545453,-0.06732931469845758,-0.00866024688166478,-0.03128770787290505,0.0007825610062912602,-0.1171395747547836,0.04815734442215078
all_events,smart_alpha_pure,20,direction,bull,60,60,54,0.4666666666666667,0.34627701540988,0.5910679132886489,0.4666666666666667,0.010437921355684944,-0.03584395174377575,0.00010506795146559093,-0.036564613866460816,-0.06899143326090346,0.08393677597522985
all_events,smart_alpha_pure,20,source_count,1,71,71,62,0.4647887323943662,0.35358257090400147,0.5796096644303581,0.4647887323943662,-0.0016105236667878424,-0.03394255874673624,-0.004758601542450988,-0.012746819274648935,-0.06344340100384208,0.068591630056325
all_events,smart_alpha_pure,20,agreement,unanimous,71,71,62,0.4647887323943662,0.35358257090400147,0.5796096644303581,0.4647887323943662,-0.0016105236667878424,-0.03394255874673624,-0.004758601542450988,-0.012746819274648935,-0.06344340100384208,0.068591630056325
all_events,smart_alpha_pure,20,period,first_half_through_2026-01-26,35,35,32,0.37142857142857144,0.23165607368891059,0.5366335951197893,0.37142857142857144,-0.010644006488008152,-0.039412449098313096,-0.01594064508939111,-0.04461479518477962,-0.10458249239180807,0.08719226771222477
all_events,smart_alpha_pure,20,period,second_half_after_2026-01-26,36,36,34,0.5555555555555556,0.3958078731600341,0.7045897012345685,0.5555555555555556,0.007172029076065237,0.010990610669414813,0.006112829683740797,0.006287317704475992,-0.0726624539297559,0.10994662865081785
all_events,smart_alpha_pure,20,consensus_overlap,standalone,71,71,62,0.4647887323943662,0.35358257090400147,0.5796096644303581,0.4647887323943662,-0.0016105236667878424,-0.03394255874673624,-0.004758601542450988,-0.012746819274648935,-0.06344340100384208,0.068591630056325
all_events,smart_alpha_pure,60,direction,bear,11,11,11,0.45454545454545453,0.21270957543988045,0.7199122443100118,0.45454545454545453,-0.16029710313151305,-0.08837117861004606,-0.09360410841992106,-0.04560081747530709,-0.32612768919917595,0.101941515838147
all_events,smart_alpha_pure,60,direction,bull,48,48,46,0.4166666666666667,0.28849459734577015,0.5571891778463536,0.4166666666666667,-0.036184933264929074,-0.10573051478004358,-0.06749725535846517,-0.1078166642943012,-0.16580392425225463,0.04485925694017722
all_events,smart_alpha_pure,60,source_count,1,59,59,54,0.423728813559322,0.3061253228310244,0.5506574452716337,0.423728813559322,-0.05932449035869897,-0.10325770796974998,-0.07236463474280441,-0.09012348945749293,-0.16124941606392232,0.025598580223034403
all_events,smart_alpha_pure,60,agreement,unanimous,59,59,54,0.423728813559322,0.3061253228310244,0.5506574452716337,0.423728813559322,-0.05932449035869897,-0.10325770796974998,-0.07236463474280441,-0.09012348945749293,-0.16124941606392232,0.025598580223034403
all_events,smart_alpha_pure,60,period,first_half_through_2026-01-26,35,35,32,0.4,0.2555050493330724,0.5642758041848053,0.4,-0.0989389514718152,-0.11882241324785092,-0.101874066668417,-0.12642686370696776,-0.21313434045447843,0.023642795855119886
all_events,smart_alpha_pure,60,period,second_half_after_2026-01-26,24,24,23,0.4583333333333333,0.27891058351681425,0.6492544644689338,0.4583333333333333,-0.0015534012354044742,-0.008142783850299373,-0.029330046517952717,-0.0541935258301684,-0.1827028035045398,0.13125130907566004
all_events,smart_alpha_pure,60,consensus_overlap,standalone,59,59,54,0.423728813559322,0.3061253228310244,0.5506574452716337,0.423728813559322,-0.05932449035869897,-0.10325770796974998,-0.07236463474280441,-0.09012348945749293,-0.16124941606392232,0.025598580223034403
all_events,smart_alpha_ui,1,direction,bear,9,9,8,0.3333333333333333,0.12058159868274293,0.6458026525009102,0.2222222222222222,-0.003958269663849194,-0.0006061655697955359,-0.006162097793749457,-0.010591791018887742,-0.013955600219489519,0.003501678104468775
all_events,smart_alpha_ui,1,direction,bull,63,63,38,0.5079365079365079,0.38762677115387556,0.6273339718564653,0.49206349206349204,0.0028963927713222433,0.00039528816507239384,0.001525175140808856,0.0013186562406959368,-0.010717897286413225,0.016220957168406026
all_events,smart_alpha_ui,1,source_count,1,43,43,30,0.4186046511627907,0.2838433433748524,0.5667168424428823,0.3953488372093023,0.0014425396517886177,-0.0029585081358974863,0.00037149630360434796,-0.003548186323340863,-0.017265124435444416,0.018643764298983134
all_events,smart_alpha_ui,1,source_count,2,29,29,18,0.5862068965517241,0.40737528478515245,0.7448706472035449,0.5517241379310345,0.0029247969859223454,0.004288934548863921,0.0008500969886974433,0.005550078275761039,-0.009825598113701633,0.013364982863746983
all_events,smart_alpha_ui,1,agreement,unanimous,72,72,42,0.4861111111111111,0.3743248074300839,0.5993044408980104,0.4583333333333333,0.0020395599669258135,-0.00033332776927119667,0.0005642660239890669,-0.00028772845142227554,-0.010026709935151876,0.012683739680866056
all_events,smart_alpha_ui,1,period,first_half_through_2026-01-26,31,31,21,0.5806451612903226,0.40765964352020967,0.7358469692645074,0.5161290322580645,0.005117677066087796,0.0031134649333974806,0.004663676748947625,0.0013947012779658152,-0.008172996931362593,0.020917086460718163
all_events,smart_alpha_ui,1,period,second_half_after_2026-01-26,41,41,30,0.4146341463414634,0.2775633082533015,0.5663316464316339,0.4146341463414634,-0.0002877968641478807,-0.0029585081358974863,-0.0025352884265893547,-0.002388889081380463,-0.017707509320944864,0.015938818656897096
all_events,smart_alpha_ui,1,consensus_overlap,overlap,41,41,23,0.4878048780487805,0.34254187239935696,0.635157406841348,0.4634146341463415,0.00019290636194420712,-0.0006061655697955359,-0.0008872719176797585,0.0013186562406959368,-0.012097920539071702,0.012450370124452178
all_events,smart_alpha_ui,1,consensus_overlap,standalone,31,31,25,0.4838709677419355,0.3196998603127883,0.6515988171302683,0.45161290322580644,0.004481908283191809,-6.0489968746857414e-05,0.0024840420113575136,-0.002388889081380463,-0.0170788770326452,0.022261543746624528
all_events,smart_alpha_ui,5,direction,bear,9,9,8,0.4444444444444444,0.188775429471914,0.7333526542559703,0.4444444444444444,-0.008131261332474389,-0.017261286225609185,-0.011715485546462536,-0.006259506982872254,-0.05627955812191812,0.02306717271649203
all_events,smart_alpha_ui,5,direction,bull,63,63,38,0.5555555555555556,0.4331942064087128,0.6715309946636732,0.5555555555555556,-0.003999115190420165,0.006517579526429174,-0.005485673946918527,-0.0004974441001202035,-0.031222075756348427,0.02367004355114697
all_events,smart_alpha_ui,5,source_count,1,43,43,30,0.5116279069767442,0.36752063766074083,0.6538279072224399,0.5116279069767442,-0.012368340519735507,0.0034266133637921303,-0.010181757390674307,-0.0011255767914037929,-0.0385989378950476,0.01583810856643295
all_events,smart_alpha_ui,5,source_count,2,29,29,18,0.5862068965517241,0.40737528478515245,0.7448706472035449,0.5862068965517241,0.007128035633099548,0.007233745860205643,-0.0004559055439667182,0.003392899984906439,-0.03913729250545512,0.04435553506173315
all_events,smart_alpha_ui,5,agreement,unanimous,72,72,42,0.5416666666666666,0.42739664196707616,0.6517156130486407,0.5416666666666666,-0.004515633458176942,0.0058750688329820555,-0.006264400396861529,-0.0008115104457619982,-0.028053227548964357,0.015858898020105677
all_events,smart_alpha_ui,5,period,first_half_through_2026-01-26,31,31,21,0.6774193548387096,0.5014068555995079,0.8143076925268695,0.6774193548387096,0.014572800730319968,0.01532175689479054,0.007837352472066302,0.009813027457151957,-0.01668212154216355,0.02901375197998933
all_events,smart_alpha_ui,5,period,second_half_after_2026-01-26,41,41,30,0.43902439024390244,0.2988990477210983,0.5895973484824271,0.43902439024390244,-0.0189483519909429,-0.01831021437578817,-0.016926701346538668,-0.011891537923122475,-0.04885239789628439,0.025806764204460122
all_events,smart_alpha_ui,5,consensus_overlap,overlap,41,41,23,0.5853658536585366,0.433668353568366,0.7224366917466984,0.5853658536585366,0.002149255424635039,0.007463915262609033,-0.000671077859248665,0.009757540175999502,-0.030186731866906295,0.0328301686974636
all_events,smart_alpha_ui,5,consensus_overlap,standalone,31,31,25,0.4838709677419355,0.3196998603127883,0.6515988171302683,0.4838709677419355,-0.013330486496734725,-0.01831021437578817,-0.013662020527252735,-0.011891537923122475,-0.046079649463329035,0.01907954484734904
all_events,smart_alpha_ui,20,direction,bear,9,9,8,0.4444444444444444,0.188775429471914,0.7333526542559703,0.4444444444444444,-0.04448862544865436,-0.05202498056769156,-0.005838545968892834,0.027100340446789994,-0.09690146513002866,0.07388760611326536
all_events,smart_alpha_ui,20,direction,bull,60,60,36,0.4666666666666667,0.34627701540988,0.5910679132886489,0.4666666666666667,-0.019586875616600906,-0.03026397055299923,-0.029915868935542145,-0.02745491368285463,-0.08955132859875857,0.030474579202070785
all_events,smart_alpha_ui,20,source_count,1,41,41,29,0.4146341463414634,0.2775633082533015,0.5663316464316339,0.4146341463414634,-0.03771749637036374,-0.05202498056769156,-0.03467498132754077,-0.03686085095237368,-0.07431975901917137,0.006691984241603548
all_events,smart_alpha_ui,20,source_count,2,28,28,17,0.5357142857142857,0.3581239514210167,0.7046869626034041,0.5357142857142857,-0.0010426005303225089,0.013899709731317822,-0.015208029122264016,-0.002329348784888663,-0.1293225732562891,0.07797368211154722
all_events,smart_alpha_ui,20,agreement,unanimous,69,69,40,0.463768115942029,0.35113991297637237,0.5802179923963817,0.463768115942029,-0.022834929942520923,-0.037745344740815256,-0.026775348548587888,-0.020576826605358756,-0.07634518882575676,0.024264736386043227
all_events,smart_alpha_ui,20,period,first_half_through_2026-01-26,31,31,21,0.5161290322580645,0.34840118286973176,0.6803001396872117,0.5161290322580645,0.010210114445600483,0.00923827784556397,0.0040144149320577825,-0.008966185210813604,-0.06226519318887772,0.05010238473014266
all_events,smart_alpha_ui,20,period,second_half_after_2026-01-26,38,38,27,0.42105263157894735,0.2785227481181953,0.5780792938687267,0.42105263157894735,-0.04979272931177786,-0.05624504842338063,-0.05189331349332514,-0.03656189412832206,-0.11675609411179073,0.02763107923145418
all_events,smart_alpha_ui,20,consensus_overlap,overlap,40,40,22,0.475,0.32935229550181694,0.6250289314607027,0.475,-0.006943529940288645,-0.025973771289004466,-0.016268230900038264,-0.014078430117417828,-0.08891932771002735,0.05870606614008533
all_events,smart_alpha_ui,20,consensus_overlap,standalone,29,29,24,0.4482758620689655,0.2841291114874579,0.6245233293193238,0.4482758620689655,-0.044754102359393026,-0.037745344740815256,-0.041267924615552884,-0.020576826605358756,-0.08525729731350334,0.007318529415908163
all_events,smart_alpha_ui,60,direction,bear,8,8,7,0.375,0.13684175946152105,0.6942621454161981,0.375,-0.08854340051428719,-0.08649441559358617,-0.009594334193115867,0.004989690619991105,-0.22952506472160922,0.1571318824604498
all_events,smart_alpha_ui,60,direction,bull,42,42,28,0.35714285714285715,0.22988992501626865,0.5083391071292063,0.35714285714285715,0.019915522385625634,-0.10573051478004358,-0.018141464065288007,-0.1161202977381835,-0.13119094773825485,0.12792666659180846
all_events,smart_alpha_ui,60,source_count,1,32,32,23,0.375,0.2293366846595921,0.5474589941047487,0.375,-0.021252467884660703,-0.08649441559358617,-0.03625109369124303,-0.07395769532191082,-0.16092973453105386,0.09278202375592882
all_events,smart_alpha_ui,60,source_count,2,18,18,11,0.3333333333333333,0.1627855436366286,0.5625093065574964,0.3333333333333333,0.044899094910617866,-0.14116974661840342,0.017852157435152987,-0.15486445162169132,-0.14149258966378928,0.3815654098053916
all_events,smart_alpha_ui,60,agreement,unanimous,50,50,32,0.36,0.24138562967182875,0.49859237989698046,0.36,0.0025620947216395827,-0.09581444328989802,-0.016773923285740466,-0.09372569966742045,-0.11513157101656471,0.11736192712156863
all_events,smart_alpha_ui,60,period,first_half_through_2026-01-26,31,31,21,0.3225806451612903,0.18569230747313034,0.49859314440049185,0.3225806451612903,-0.10087243280344987,-0.14116974661840342,-0.11050791786391419,-0.1418794339675068,-0.21086279283143008,0.00439044150263425
all_events,smart_alpha_ui,60,period,second_half_after_2026-01-26,19,19,15,0.42105263157894735,0.2314162039203038,0.6372444853483988,0.42105263157894735,0.17132369226257502,-0.008986297627605944,0.1361604889207535,-0.04560081747530709,-0.07550074474278262,0.422938187528963
all_events,smart_alpha_ui,60,consensus_overlap,overlap,26,26,16,0.3076923076923077,0.16501120939792674,0.49988611514231246,0.3076923076923077,0.07881379503521643,-0.14116974661840342,0.05934872441042204,-0.12557745039543305,-0.10541551788726403,0.349484622857498
all_events,smart_alpha_ui,60,consensus_overlap,standalone,24,24,20,0.4166666666666667,0.24467347246538232,0.6116566235061137,0.4166666666666667,-0.08004391395140202,-0.048678738118826004,-0.09924012495658319,-0.05231920915527949,-0.19949115276404292,-0.016895924801309487
all_events,smart_consensus,1,direction,bear,78,78,24,0.5641025641025641,0.4536178766457738,0.6685693728703647,0.5384615384615384,0.005550483308174474,0.001966994480770534,0.00473713447851222,0.0020366251101234245,-0.0013505794057050316,0.012975421605730984
all_events,smart_consensus,1,direction,bull,867,848,99,0.4740484429065744,0.4409984356864931,0.5073274136987453,0.45790080738177624,-0.003067336575916394,-0.0020338983050849357,-0.0029330250668024044,-0.0016680571992708781,-0.00601300467411444,-0.00016302514878578574
all_events,smart_consensus,1,source_count,2,209,209,94,0.4880382775119617,0.42109957892549327,0.5554087728252923,0.4784688995215311,-0.002731958078361051,-0.00031849162367036943,-0.0026934191595490604,-8.035805206585422e-05,-0.009426278730798442,0.004530911624957868
all_events,smart_consensus,1,source_count,3,146,146,51,0.5273972602739726,0.4467530997592218,0.6066366131109023,0.5068493150684932,0.00038709246851157335,0.001152702712988729,0.00034737861391999033,7.118329950328572e-05,-0.004473498410488275,0.0050709440985958485
all_events,smart_consensus,1,source_count,4,132,132,34,0.5075757575757576,0.42328760705491464,0.5914354232980846,0.49242424242424243,-0.0034820234853262235,0.000542074682806537,-0.0024670725540009574,-6.747919423788495e-07,-0.008373931023951427,0.004129121419872845
all_events,smart_consensus,1,source_count,5+,458,439,32,0.45633187772925765,0.41126636130367056,0.5021238573340615,0.4366812227074236,-0.0027343936140700287,-0.0024872037604702357,-0.0029153709874326287,-0.0015578020255430092,-0.0066699003370389535,9.04026533421372e-05
all_events,smart_consensus,1,agreement,split,471,457,45,0.4819532908704883,0.43715537695920653,0.5270432105276522,0.46284501061571126,-0.0012351142278276218,-0.0015513764156309673,-0.0015078006707362587,-0.0009202880493421883,-0.005144972831497308,0.0014052779349702203
all_events,smart_consensus,1,agreement,unanimous,474,469,96,0.4810126582278481,0.43636579810413084,0.5259648152204519,0.46624472573839665,-0.003469840320622563,-0.0010032298680450191,-0.0030461489569254055,-0.0006272334890238263,-0.007057976485308565,0.0007546679232829914
all_events,smart_consensus,1,period,first_half_through_2026-01-26,166,166,31,0.5963855421686747,0.5203860388719281,0.6680248098247397,0.5783132530120482,0.0030193070438752963,0.002996221840431912,0.0035633149692124314,0.0028801885945634598,-0.00030158951766090514,0.007195643825750665
all_events,smart_consensus,1,period,second_half_after_2026-01-26,779,760,99,0.45699614890885754,0.42231044506464793,0.4921039141109504,0.44030808729139925,-0.0035014737901992348,-0.0026454031418864377,-0.0035647619108075644,-0.00207086041972393,-0.0069732205838313865,-0.0005855348386321797
all_events,smart_consensus,1,consensus_overlap,standalone,945,926,104,0.48148148148148145,0.4497633963878128,0.5133495194034003,0.46455026455026455,-0.00235602445849937,-0.0011963439728190917,-0.002286942513309379,-0.0008394150447282311,-0.005466739479457667,0.00034860154460907646
all_events,smart_consensus,5,direction,bear,78,78,24,0.6025641025641025,0.4916165517837074,0.703883047442114,0.6025641025641025,0.007287915330144197,0.014292193907304296,0.010576031563148286,0.010874339112096454,-0.007299760023561889,0.03317249991767995
all_events,smart_consensus,5,direction,bull,867,837,99,0.4348327566320646,0.40219319562142414,0.468047270612619,0.43252595155709345,-0.010952393661752203,-0.010965966184630083,-0.01114033723258634,-0.012119774005267536,-0.01920981029736104,-0.0029318781978851607
all_events,smart_consensus,5,source_count,2,209,209,94,0.44976076555023925,0.3838278614966887,0.5175072158566109,0.44976076555023925,-0.016041701773326898,-0.01622791200865481,-0.01695391441878133,-0.014316543192126385,-0.031933858363076016,-0.0014268652399452848
all_events,smart_consensus,5,source_count,3,146,145,51,0.4589041095890411,0.38016268888353316,0.5397527418112807,0.4589041095890411,-0.0013619828231814946,-0.006149225752945298,0.00030467400887741394,-0.0013927235057229481,-0.018535185309365345,0.022166690237868145
all_events,smart_consensus,5,source_count,4,132,132,34,0.4090909090909091,0.32894005673952187,0.4943835790244856,0.4090909090909091,-0.00777635982126203,-0.00782670488599635,-0.0055930492297864755,-0.009360976763473472,-0.023636583499958428,0.013804382121204634
all_events,smart_consensus,5,source_count,5+,458,429,32,0.45633187772925765,0.41126636130367056,0.5021238573340615,0.4519650655021834,-0.009496120632688877,-0.008846404870951285,-0.009934869280138257,-0.011039465630462875,-0.02208422622885324,0.002106169906817689
all_events,smart_consensus,5,agreement,split,471,446,45,0.46496815286624205,0.42038821207614535,0.5101149283395217,0.4607218683651805,-0.0028982889513937977,-0.005334841310062233,-0.002730432841309974,-0.006020573998617718,-0.012038767601181308,0.008333698538036184
all_events,smart_consensus,5,agreement,unanimous,474,469,96,0.43248945147679324,0.38860783561139234,0.4774565673204577,0.43248945147679324,-0.015953953191732984,-0.016304495047860967,-0.015526138069349575,-0.014130464894273609,-0.027793448572961992,-0.003753885779413955
all_events,smart_consensus,5,period,first_half_through_2026-01-26,166,166,31,0.5,0.4248023896888422,0.5751976103111578,0.4939759036144578,-0.0036983815117981288,-3.708971044003029e-05,-0.004508553173729813,-0.0009188086410476526,-0.016276435235938663,0.006062067514020719
all_events,smart_consensus,5,period,second_half_after_2026-01-26,779,749,99,0.43774069319640563,0.40329158341231003,0.4728008470359441,0.43645699614890887,-0.010671805620063446,-0.013161611026379805,-0.010348614118705008,-0.012119774005267536,-0.019505911530009586,-0.0014681056746810078
all_events,smart_consensus,5,consensus_overlap,standalone,945,915,104,0.4486772486772487,0.41723760260384846,0.4805324783032281,0.44656084656084655,-0.009446844348135358,-0.008442404668819847,-0.009289105794261421,-0.009394612537863667,-0.017494292975126734,-0.0015942286648298097
all_events,smart_consensus,20,direction,bear,66,66,19,0.2727272727272727,0.180032031620791,0.3904245444026678,0.2727272727272727,-0.05501256184059854,-0.06713504702455297,-0.014156007763446901,-0.020534043910794886,-0.04086574950084828,0.029942280247057383
all_events,smart_consensus,20,direction,bull,772,747,86,0.4326424870466321,0.39811159302270505,0.46784042604922904,0.42875647668393785,-0.010363199736536908,-0.02097111618139147,-0.020857360481367777,-0.025126876036193124,-0.042583091114581716,-0.0005265752613600035
all_events,smart_consensus,20,source_count,2,192,192,82,0.5,0.42997169712955335,0.5700283028704467,0.5,0.0022855545531572444,-0.00028728322687920915,-0.006384071611017838,-0.005010581007901971,-0.04791392824404474,0.035594907662397465
all_events,smart_consensus,20,source_count,3,138,138,47,0.45652173913043476,0.3757168442459045,0.5396817412184445,0.4492753623188406,0.008181480274292097,-0.018011365879195773,0.003855724525855065,-0.019860303940959334,-0.03767703865058569,0.0463439623418514
all_events,smart_consensus,20,source_count,4,119,118,28,0.42016806722689076,0.3353426705820332,0.5099865989813721,0.42016806722689076,-0.0025555871692162758,-0.01530030926157011,-0.011030156462737565,-0.01866216291591849,-0.06323850495871064,0.054593598730700035
all_events,smart_consensus,20,source_count,5+,389,365,25,0.3676092544987147,0.3212066534250676,0.416601155116594,0.36246786632390743,-0.03314903639333614,-0.03859250851305329,-0.039779546752380185,-0.033586604294843725,-0.08268951959331744,0.0005352287100112388
all_events,smart_consensus,20,agreement,split,412,395,37,0.33495145631067963,0.2910867497281388,0.3818656436831986,0.3300970873786408,-0.024751244041798456,-0.039881808219153714,-0.030417869721782117,-0.0353527532373612,-0.055564214957601825,-0.0025210183243624877
all_events,smart_consensus,20,agreement,unanimous,426,418,85,0.5023474178403756,0.45505845109794385,0.5495944256827121,0.5,-0.003365508762593975,0.000797141563753101,-0.010764799645610744,-0.007458344204846035,-0.03808558016625967,0.01511765653325353
all_events,smart_consensus,20,period,first_half_through_2026-01-26,166,166,31,0.5240963855421686,0.44843914393929696,0.59866356823487,0.5120481927710844,-0.004639628828894576,0.004805891920140581,-0.011852112754708839,-0.008160970478647389,-0.04388537638466759,0.020189408070933043
all_events,smart_consensus,20,period,second_half_after_2026-01-26,672,647,86,0.3943452380952381,0.35809540173874255,0.43179619416183546,0.39285714285714285,-0.016162263232871274,-0.03150522863646649,-0.022484225772314622,-0.02896744512780902,-0.04470732989779727,0.0016847734655197966
all_events,smart_consensus,20,consensus_overlap,standalone,838,813,91,0.4200477326968974,0.3870689934058702,0.4537561689524643,0.41646778042959426,-0.013879736608694506,-0.02505795258189747,-0.020313339227514427,-0.023121659975725017,-0.038946722602954245,-0.000722517623563683
all_events,smart_consensus,60,direction,bear,52,50,12,0.21153846153846154,0.12244245849448492,0.34032365135910086,0.21153846153846154,-0.11368919392690861,-0.12632655823902594,-0.01962529507853455,-0.04407762359696055,-0.06353133342809182,0.046781002394377436
all_events,smart_consensus,60,direction,bull,388,388,54,0.4536082474226804,0.4047670540144541,0.5033590867526313,0.4484536082474227,0.0905786542187425,-0.012966701543889403,0.04267329333776029,-0.05401483674882812,-0.06943188213091153,0.21076097228239452
all_events,smart_consensus,60,source_count,2,129,129,54,0.4418604651162791,0.3590743988197216,0.5280091653649917,0.4418604651162791,0.08540574185578154,-0.023946360153256685,0.04647831107919712,-0.04157904027566783,-0.0754092509153944,0.19353637414883518
all_events,smart_consensus,60,source_count,3,86,86,28,0.5581395348837209,0.4529326746260169,0.6583743368252482,0.5465116279069767,0.12306115556742514,0.024615309194626955,0.09303299761234232,-0.015115594580874192,-0.0269270941016475,0.22289415035819934
all_events,smart_consensus,60,source_count,4,76,76,17,0.32894736842105265,0.2337912044636209,0.44056401887859675,0.32894736842105265,-0.010188297950513844,-0.032633225226832485,-0.041188680774115256,-0.06326512310760662,-0.09985519300961866,0.05747652766843114
all_events,smart_consensus,60,source_count,5+,149,147,11,0.3825503355704698,0.3083944782946589,0.46261027433813223,0.37583892617449666,0.05641872697125848,-0.03429225897729571,0.03203927126584461,-0.06369188359625322,-0.10335426207295957,0.34511027375000675
all_events,smart_consensus,60,agreement,split,205,203,21,0.36585365853658536,0.30294717071792815,0.43369533728813964,0.35609756097560974,0.02969986039372121,-0.044893129206419746,0.004626592361002024,-0.06444947054157857,-0.08306868428246553,0.19963974850706112
all_events,smart_consensus,60,agreement,unanimous,235,235,55,0.4765957446808511,0.41362862695668406,0.5403157445430883,0.4765957446808511,0.0984859930721702,-0.007575386524301675,0.062284148135492996,-0.03856698552992299,-0.05439147624660626,0.2015922584516008
all_events,smart_consensus,60,period,first_half_through_2026-01-26,166,166,31,0.3433734939759036,0.2754154730299584,0.4184168978379561,0.3373493975903614,-0.06646391754725844,-0.04496068889699517,-0.07582866297311007,-0.0463760950520824,-0.14144350674235195,-0.01028379014277023
all_events,smart_consensus,60,period,second_half_after_2026-01-26,274,272,47,0.4744525547445255,0.4160882754586779,0.5335233017853345,0.4708029197080292,0.14695507323181659,-0.007493088982808371,0.10354239380389904,-0.05700995152147226,-0.040743995780093814,0.30048535363781254
all_events,smart_consensus,60,consensus_overlap,standalone,440,438,56,0.425,0.37965382320018853,0.4716444778153089,0.42045454545454547,0.06643790852880192,-0.02334251388235875,0.03556158233133394,-0.05230659254823078,-0.058437546293389014,0.19650096058894914
non_overlapping,smart_alpha_pure,1,direction,bear,11,11,11,0.36363636363636365,0.15166223614131383,0.6462032231083628,0.2727272727272727,-0.008608769758472972,-0.0034339153941695955,-0.007938722406287407,-0.0034898354537051812,-0.022231612107371526,0.00424893112624768
non_overlapping,smart_alpha_pure,1,direction,bull,65,65,58,0.47692307692307695,0.36021590253064156,0.5962057959772373,0.46153846153846156,0.0023881782050859377,-0.002140688749822983,0.0021135630680264497,0.0013947012779658152,-0.008971807793556186,0.0126386874584356
non_overlapping,smart_alpha_pure,1,source_count,1,76,76,66,0.4605263157894737,0.3530754655326989,0.5717757398539667,0.4342105263157895,0.0007965146840445166,-0.002421579173519983,0.0006586270125336547,-0.0008449029475318115,-0.008962946962936232,0.010940693714231025
non_overlapping,smart_alpha_pure,1,agreement,unanimous,76,76,66,0.4605263157894737,0.3530754655326989,0.5717757398539667,0.4342105263157895,0.0007965146840445166,-0.002421579173519983,0.0006586270125336547,-0.0008449029475318115,-0.008962946962936232,0.010940693714231025
non_overlapping,smart_alpha_pure,1,period,first_half_through_2026-01-26,35,35,32,0.42857142857142855,0.27984333081678914,0.5914287074102662,0.4,-0.003438112699410824,-0.0035716715422817735,-0.0030689092372630116,-0.0022437859447332897,-0.016462598871213385,0.012367799656956465
non_overlapping,smart_alpha_pure,1,period,second_half_after_2026-01-26,41,41,39,0.4878048780487805,0.34254187239935696,0.635157406841348,0.4634146341463415,0.004411440499189319,-6.0489968746857414e-05,0.0038406701526039794,0.0022862204383541362,-0.010556903465251958,0.018744582082702358
non_overlapping,smart_alpha_pure,1,consensus_overlap,standalone,76,76,66,0.4605263157894737,0.3530754655326989,0.5717757398539667,0.4342105263157895,0.0007965146840445166,-0.002421579173519983,0.0006586270125336547,-0.0008449029475318115,-0.008962946962936232,0.010940693714231025
non_overlapping,smart_alpha_pure,5,direction,bear,11,11,11,0.5454545454545454,0.28008775568998817,0.7872904245601196,0.5454545454545454,0.002238673573947318,0.01625412008013949,-0.00545134177814591,0.004279119246109242,-0.04658577763629455,0.03356859478036159
non_overlapping,smart_alpha_pure,5,direction,bull,63,63,58,0.4603174603174603,0.34308665416425693,0.5821096307840387,0.4603174603174603,-0.0010817066962400459,-0.01831021437578817,-0.001649528457077462,-0.01997712264947704,-0.03566588566718902,0.03328630672927797
non_overlapping,smart_alpha_pure,5,source_count,1,74,74,66,0.47297297297297297,0.36338517790283736,0.5852284168845255,0.47297297297297297,-0.0005881366560770594,-0.01471566997693724,-0.0022146628696687177,-0.014172322416748206,-0.030337573804924224,0.02681984458775573
non_overlapping,smart_alpha_pure,5,agreement,unanimous,74,74,66,0.47297297297297297,0.36338517790283736,0.5852284168845255,0.47297297297297297,-0.0005881366560770594,-0.01471566997693724,-0.0022146628696687177,-0.014172322416748206,-0.030337573804924224,0.02681984458775573
non_overlapping,smart_alpha_pure,5,period,first_half_through_2026-01-26,34,34,32,0.6470588235294118,0.4791365883001342,0.7851228510470394,0.6470588235294118,0.004499975611054713,0.0141568126468532,0.0021261073339819904,0.010095482838197944,-0.0382354300561394,0.0416755609221784
non_overlapping,smart_alpha_pure,5,period,second_half_after_2026-01-26,40,40,39,0.325,0.20084316962661725,0.4798254191110201,0.325,-0.004913032083139065,-0.0348141589002281,-0.00590431754277182,-0.031365407159550995,-0.044775616748794995,0.039238416776449035
non_overlapping,smart_alpha_pure,5,consensus_overlap,standalone,74,74,66,0.47297297297297297,0.36338517790283736,0.5852284168845255,0.47297297297297297,-0.0005881366560770594,-0.01471566997693724,-0.0022146628696687177,-0.014172322416748206,-0.030337573804924224,0.02681984458775573
non_overlapping,smart_alpha_pure,20,direction,bear,11,11,11,0.45454545454545453,0.21270957543988045,0.7199122443100118,0.45454545454545453,-0.06732931469845758,-0.00866024688166478,-0.03128770787290505,0.0007825610062912602,-0.1171395747547836,0.04815734442215078
non_overlapping,smart_alpha_pure,20,direction,bull,56,56,53,0.4642857142857143,0.34019643403583766,0.5929604334275992,0.4642857142857143,0.014967060494236512,-0.03584395174377575,0.00454328196019924,-0.036564613866460816,-0.06642275867315318,0.09142020204187387
non_overlapping,smart_alpha_pure,20,source_count,1,67,67,62,0.4626865671641791,0.34858248875358616,0.5808375130532616,0.4626865671641791,0.0014557153133464352,-0.03394255874673624,-0.0013394178631462414,-0.012746819274648935,-0.06378585903735001,0.07605146793603383
non_overlapping,smart_alpha_pure,20,agreement,unanimous,67,67,62,0.4626865671641791,0.34858248875358616,0.5808375130532616,0.4626865671641791,0.0014557153133464352,-0.03394255874673624,-0.0013394178631462414,-0.012746819274648935,-0.06378585903735001,0.07605146793603383
non_overlapping,smart_alpha_pure,20,period,first_half_through_2026-01-26,32,32,32,0.34375,0.20410233354328552,0.5168922649121406,0.34375,-0.01173443800314699,-0.04191143128728825,-0.016639394497190093,-0.044847571479952,-0.1126408330276132,0.09753930375206203
non_overlapping,smart_alpha_pure,20,period,second_half_after_2026-01-26,35,35,34,0.5714285714285714,0.4085712925897337,0.7201566691832108,0.5714285714285714,0.013515284059854709,0.011980531636091363,0.01264913220226528,0.014340743290733204,-0.06599361966090726,0.1145943620778997
non_overlapping,smart_alpha_pure,20,consensus_overlap,standalone,67,67,62,0.4626865671641791,0.34858248875358616,0.5808375130532616,0.4626865671641791,0.0014557153133464352,-0.03394255874673624,-0.0013394178631462414,-0.012746819274648935,-0.06378585903735001,0.07605146793603383
non_overlapping,smart_alpha_pure,60,direction,bear,10,10,10,0.5,0.23658959361548731,0.7634104063845126,0.5,-0.15679056987172352,-0.02650155905878765,-0.09840443751438246,-0.005702213328679873,-0.35394679904784276,0.09693447455750265
non_overlapping,smart_alpha_pure,60,direction,bull,45,45,45,0.37777777777777777,0.25107885298349863,0.5237032999353246,0.37777777777777777,-0.042900202062135774,-0.10841181506849307,-0.07384463973789575,-0.12642686370696776,-0.1768333619480257,0.04241348271228848
non_overlapping,smart_alpha_pure,60,source_count,1,55,55,54,0.4,0.28118303786433585,0.5318743908935498,0.4,-0.063607541663879,-0.10820332159033719,-0.07831005751543878,-0.10581373176939923,-0.1716952828350166,0.02580447122579357
non_overlapping,smart_alpha_pure,60,agreement,unanimous,55,55,54,0.4,0.28118303786433585,0.5318743908935498,0.4,-0.063607541663879,-0.10820332159033719,-0.07831005751543878,-0.10581373176939923,-0.1716952828350166,0.02580447122579357
non_overlapping,smart_alpha_pure,60,period,first_half_through_2026-01-26,32,32,32,0.34375,0.20410233354328552,0.5168922649121406,0.34375,-0.11426548742478268,-0.15098761288746887,-0.11402290201229923,-0.1320610225556938,-0.23108322178568164,0.02428448032806485
non_overlapping,smart_alpha_pure,60,period,second_half_after_2026-01-26,23,23,23,0.4782608695652174,0.2923686953994572,0.6703757013578151,0.4782608695652174,0.006873078525204391,-0.007299270072992803,-0.02862262169371992,-0.05729744311743479,-0.18590917966430148,0.1385869090935265
non_overlapping,smart_alpha_pure,60,consensus_overlap,standalone,55,55,54,0.4,0.28118303786433585,0.5318743908935498,0.4,-0.063607541663879,-0.10820332159033719,-0.07831005751543878,-0.10581373176939923,-0.1716952828350166,0.02580447122579357
non_overlapping,smart_alpha_ui,1,direction,bear,9,9,8,0.3333333333333333,0.12058159868274293,0.6458026525009102,0.2222222222222222,-0.003958269663849194,-0.0006061655697955359,-0.006162097793749457,-0.010591791018887742,-0.013955600219489519,0.003501678104468775
non_overlapping,smart_alpha_ui,1,direction,bull,62,62,38,0.5,0.37922532216457727,0.6207746778354227,0.4838709677419355,0.0024535121990575948,-0.0003816227973006958,0.0012071840777351202,0.0008391663223834,-0.011166173057656121,0.016220957168406026
non_overlapping,smart_alpha_ui,1,source_count,1,43,43,30,0.4186046511627907,0.2838433433748524,0.5667168424428823,0.3953488372093023,0.0014425396517886177,-0.0029585081358974863,0.00037149630360434796,-0.003548186323340863,-0.017265124435444416,0.018643764298983134
non_overlapping,smart_alpha_ui,1,source_count,2,28,28,18,0.5714285714285714,0.390704789856154,0.7349170381926877,0.5357142857142857,0.0019451472978577705,0.00328775995735886,0.00012186398645876371,0.005425423062015655,-0.010366506555981165,0.013266447312845915
non_overlapping,smart_alpha_ui,1,agreement,unanimous,71,71,42,0.4788732394366197,0.36677330370106553,0.5931420374995502,0.4507042253521127,0.0016407511178440583,-0.0006061655697955359,0.00027304975599763866,-0.0009351333069154144,-0.01039441139271221,0.01262119780528518
non_overlapping,smart_alpha_ui,1,period,first_half_through_2026-01-26,30,30,21,0.5666666666666667,0.3919700954540873,0.7262276256938489,0.5,0.004276433359899708,0.001957694776241692,0.004111111938866529,0.0008771888410183393,-0.008395585696851572,0.020917086460718163
non_overlapping,smart_alpha_ui,1,period,second_half_after_2026-01-26,41,41,30,0.4146341463414634,0.2775633082533015,0.5663316464316339,0.4146341463414634,-0.0002877968641478807,-0.0029585081358974863,-0.0025352884265893547,-0.002388889081380463,-0.017707509320944864,0.015938818656897096
non_overlapping,smart_alpha_ui,1,consensus_overlap,overlap,40,40,23,0.475,0.32935229550181694,0.6250289314607027,0.45,-0.0005611456853004487,-0.0015592110568667938,-0.0014404692419062643,0.0008391663223834,-0.012474494939347632,0.012271795270766042
non_overlapping,smart_alpha_ui,1,consensus_overlap,standalone,31,31,25,0.4838709677419355,0.3196998603127883,0.6515988171302683,0.45161290322580644,0.004481908283191809,-6.0489968746857414e-05,0.0024840420113575136,-0.002388889081380463,-0.0170788770326452,0.022261543746624528
non_overlapping,smart_alpha_ui,5,direction,bear,9,9,8,0.4444444444444444,0.188775429471914,0.7333526542559703,0.4444444444444444,-0.008131261332474389,-0.017261286225609185,-0.011715485546462536,-0.006259506982872254,-0.05627955812191812,0.02306717271649203
non_overlapping,smart_alpha_ui,5,direction,bull,52,52,38,0.5384615384615384,0.405033783976834,0.6665974013760211,0.5384615384615384,-0.007842362694064782,0.004329585751663534,-0.007987654057740148,-0.003381611533461726,-0.04101052024998306,0.027093998387501737
non_overlapping,smart_alpha_ui,5,source_count,1,39,39,30,0.48717948717948717,0.3386492878313309,0.6380089135430342,0.48717948717948717,-0.017508917001263453,-0.017261286225609185,-0.014868738451123197,-0.006259506982872254,-0.048911294625594126,0.014435762397600872
non_overlapping,smart_alpha_ui,5,source_count,2,22,22,17,0.5909090909090909,0.38734477382893806,0.7674444033117963,0.5909090909090909,0.009175615952983475,0.00623315199987029,0.002685609939688825,-0.00112237314530661,-0.03944605338463751,0.05712934148969812
non_overlapping,smart_alpha_ui,5,agreement,unanimous,61,61,42,0.5245901639344263,0.4015694171531101,0.6446971771320402,0.5245901639344263,-0.00788498708333833,0.0034266133637921303,-0.008537661982305746,-0.005637646275519659,-0.03614686611981244,0.017989082493909337
non_overlapping,smart_alpha_ui,5,period,first_half_through_2026-01-26,26,26,21,0.6153846153846154,0.42534520039420076,0.7757164048816557,0.6153846153846154,0.008707352018365857,0.007090982541806068,0.0033752140514098617,0.004514364533857784,-0.022424570175241996,0.029079870543719532
non_overlapping,smart_alpha_ui,5,period,second_half_after_2026-01-26,35,35,30,0.45714285714285713,0.3046577363376085,0.6181054865986247,0.45714285714285713,-0.020210724701747156,-0.01831021437578817,-0.017387227035923054,-0.011891537923122475,-0.05979782398878257,0.03087372755188267
non_overlapping,smart_alpha_ui,5,consensus_overlap,overlap,32,32,22,0.59375,0.4225972657298823,0.744805975196862,0.59375,0.0022121400216136115,0.010212411242420893,0.0012053217811604268,0.00657522008045297,-0.03511097265484532,0.04226405757257212
non_overlapping,smart_alpha_ui,5,consensus_overlap,standalone,29,29,25,0.4482758620689655,0.2841291114874579,0.6245233293193238,0.4482758620689655,-0.019026644578457715,-0.019820546426051022,-0.01928854061785463,-0.016375906950885977,-0.05585417801026864,0.01684027371500784
non_overlapping,smart_alpha_ui,20,direction,bear,8,8,8,0.5,0.21521252682444186,0.7847874731755582,0.5,-0.03342705612944752,-0.021012145432476648,-0.001626216219779389,0.04217550759376587,-0.10285507981868107,0.08413323974560646
non_overlapping,smart_alpha_ui,20,direction,bull,42,42,35,0.5238095238095238,0.3772221394020704,0.6664063552403504,0.5238095238095238,-0.0012149753467587505,0.011898074940035808,-0.011104063573072361,-0.009790228219309527,-0.06028760524884719,0.04146459527583311
non_overlapping,smart_alpha_ui,20,source_count,1,33,33,29,0.45454545454545453,0.298426891258915,0.6201434205625044,0.45454545454545453,-0.02863161340059174,-0.037745344740815256,-0.027962045546031083,-0.012746819274648935,-0.07376943880424172,0.015577353970589026
non_overlapping,smart_alpha_ui,20,source_count,2,17,17,15,0.6470588235294118,0.4129996672121182,0.826905138560951,0.6470588235294118,0.03684693109529881,0.0255813953488373,0.026080417834808908,0.0338909838452921,-0.07308074958089378,0.13348754865448742
non_overlapping,smart_alpha_ui,20,agreement,unanimous,50,50,40,0.52,0.3851151225880844,0.6520308760449429,0.52,-0.0063689082719889534,0.009619483774151116,-0.009587607996545486,-0.002329348784888663,-0.055834430780335176,0.03534119994436834
non_overlapping,smart_alpha_ui,20,period,first_half_through_2026-01-26,22,22,21,0.45454545454545453,0.26920014432004846,0.6534052671095845,0.45454545454545453,-0.016108576527073884,-0.03026397055299923,-0.018167406252580245,-0.024803835113511308,-0.07364950817603187,0.035600290150877
non_overlapping,smart_alpha_ui,20,period,second_half_after_2026-01-26,28,28,27,0.5714285714285714,0.390704789856154,0.7349170381926877,0.5714285714285714,0.0012836882141492073,0.014898674769068032,-0.0028463379382324605,0.030495662146041047,-0.07010118372551713,0.06539340225594001
non_overlapping,smart_alpha_ui,20,consensus_overlap,overlap,26,26,20,0.5769230769230769,0.3894829692111983,0.744558100972706,0.5769230769230769,0.025964847213931844,0.022071268482954487,0.015762204693794697,0.030495662146041047,-0.056572506161301626,0.09255550299962313
non_overlapping,smart_alpha_ui,20,consensus_overlap,standalone,24,24,23,0.4583333333333333,0.27891058351681425,0.6492544644689338,0.4583333333333333,-0.04139714338173648,-0.03026397055299923,-0.03704990507774735,-0.016661822940003845,-0.08923685059765507,0.013365732221704158
non_overlapping,smart_alpha_ui,60,direction,bear,7,7,7,0.42857142857142855,0.15821692226262685,0.7495457695909742,0.42857142857142855,-0.06867394287749569,-0.08461765257712628,0.002167282649992806,0.0555801987152893,-0.2361746042981347,0.17768725300254576
non_overlapping,smart_alpha_ui,60,direction,bull,29,29,27,0.41379310344827586,0.2551293527964552,0.5926247152148476,0.41379310344827586,0.07034179836913647,-0.10325770796974998,0.030693408898362088,-0.10581373176939923,-0.1301992997169499,0.19167466167654293
non_overlapping,smart_alpha_ui,60,source_count,1,26,26,23,0.34615384615384615,0.19412014972852124,0.53779770990367,0.34615384615384615,-0.023137426616086715,-0.10573051478004358,-0.03711946854836652,-0.08155558744341701,-0.18207380520148894,0.11404966388124273
non_overlapping,smart_alpha_ui,60,source_count,2,10,10,10,0.6,0.3126695474501864,0.8318224187964902,0.6,0.21607676445807425,0.18265553697888748,0.18703860188599797,0.14974474008180205,-0.07531601359278847,0.4829132314965932
non_overlapping,smart_alpha_ui,60,agreement,unanimous,36,36,32,0.4166666666666667,0.27140333505087283,0.5780003033572232,0.4166666666666667,0.043310959793402444,-0.08649441559358617,0.025146662127845838,-0.04647089633421564,-0.10423832546779525,0.17158315805859847
non_overlapping,smart_alpha_ui,60,period,first_half_through_2026-01-26,22,22,21,0.3181818181818182,0.1636038735469248,0.5268177721716065,0.3181818181818182,-0.10509544290339527,-0.11762849540634063,-0.10828293416834098,-0.12951020062403973,-0.2385742195934888,0.025866122581351406
non_overlapping,smart_alpha_ui,60,period,second_half_after_2026-01-26,14,14,14,0.5714285714285714,0.32590266902869364,0.7861949006959947,0.5714285714285714,0.27652102117408456,0.1663502223650184,0.23482174202185369,0.10531287871951145,-0.03650072975091711,0.5575547572204288
non_overlapping,smart_alpha_ui,60,consensus_overlap,overlap,16,16,15,0.5,0.2799923761135083,0.7200076238864916,0.5,0.2291613445876661,0.06873701655482539,0.204972838689565,0.06859488184033347,-0.04154617486887414,0.43850300453889457
non_overlapping,smart_alpha_ui,60,consensus_overlap,standalone,20,20,19,0.35,0.18118954786794464,0.5671494897805354,0.35,-0.10536934804200848,-0.10573051478004358,-0.11871427912152947,-0.08155558744341701,-0.22488247328730382,-0.025635306913717366
non_overlapping,smart_consensus,1,direction,bear,75,75,24,0.56,0.44746569425928456,0.6666872402321515,0.5333333333333333,0.005630624276671513,0.0014204545454545858,0.0048313354278377695,0.0021121838484756683,-0.0015536497684038616,0.01304471744992981
non_overlapping,smart_consensus,1,direction,bull,794,782,99,0.46851385390428213,0.4340389201300761,0.5032919986888975,0.4508816120906801,-0.0034243423481838805,-0.002140614645181782,-0.003072029596632108,-0.001688357009950181,-0.006220273555319422,-0.0002820850282310595
non_overlapping,smart_consensus,1,source_count,2,209,209,94,0.4880382775119617,0.42109957892549327,0.5554087728252923,0.4784688995215311,-0.002731958078361051,-0.00031849162367036943,-0.0026934191595490604,-8.035805206585422e-05,-0.009426278730798442,0.004530911624957868
non_overlapping,smart_consensus,1,source_count,3,136,136,50,0.5147058823529411,0.4314647506955499,0.5971390410230802,0.49264705882352944,2.304937298673266e-05,0.0008665200163612274,0.00010330442980923083,-0.00016859747028918903,-0.00558374412085494,0.005130550811782346
non_overlapping,smart_consensus,1,source_count,4,127,127,34,0.4881889763779528,0.40288415034635855,0.5741873620778246,0.47244094488188976,-0.0043870081952957956,-0.001094872347837672,-0.0032146665813493464,-0.0003492920639559527,-0.009104087624167855,0.003106532653128775
non_overlapping,smart_consensus,1,source_count,5+,397,385,32,0.4534005037783375,0.40510957465184905,0.5025846367274088,0.43073047858942065,-0.002951225287792967,-0.0023875608081893596,-0.002812569168195871,-0.0014004896123495092,-0.006585930778336935,6.749666671829737e-05
non_overlapping,smart_consensus,1,agreement,split,426,417,45,0.4812206572769953,0.4341530426667657,0.5286239430879867,0.460093896713615,-0.001418425966611417,-0.0014675636137628234,-0.0012700194785672592,-0.0002094219437231981,-0.005141177806266018,0.0019123570666148575
non_overlapping,smart_consensus,1,agreement,unanimous,443,440,96,0.4717832957110609,0.42573850301813504,0.5183132593961075,0.45598194130925507,-0.003820274361018452,-0.0015841165909810107,-0.003432679238445292,-0.0009690862922340227,-0.007207356104051687,0.00027079703350266655
non_overlapping,smart_consensus,1,period,first_half_through_2026-01-26,159,159,31,0.5911949685534591,0.5135042648216288,0.6645829070067002,0.5723270440251572,0.00268768713200427,0.002873422474735099,0.0033414181293356716,0.0028350447177716287,-0.0006493592483016139,0.007184846104810757
non_overlapping,smart_consensus,1,period,second_half_after_2026-01-26,710,698,99,0.4507042253521127,0.41446760741538247,0.4874714221956684,0.4323943661971831,-0.0038365820530934036,-0.002725500175843776,-0.0036837571204052255,-0.00207086041972393,-0.00712445047720774,-0.0006331969115976798
non_overlapping,smart_consensus,1,consensus_overlap,standalone,869,857,104,0.476409666283084,0.4433792866644481,0.5096477001336146,0.4579976985040276,-0.002642843502540435,-0.0015513764156309673,-0.002380369880371617,-0.0006272334890238263,-0.0056048020122627705,0.0003375448864925557
non_overlapping,smart_consensus,5,direction,bear,43,43,21,0.5116279069767442,0.36752063766074083,0.6538279072224399,0.5116279069767442,-0.0030794460022266646,0.0014542510607037373,0.0021841324294660184,0.007100705159888254,-0.024533337726641163,0.029809929964888036
non_overlapping,smart_consensus,5,direction,bull,441,436,99,0.41496598639455784,0.36990659912181023,0.46149406124808323,0.41043083900226757,-0.012495857538801336,-0.014448568398727546,-0.012469604292465217,-0.014399237215243166,-0.02258136834210028,-0.0030182790833036066
non_overlapping,smart_consensus,5,source_count,2,180,180,94,0.4388888888888889,0.3684187237930174,0.5119130400732677,0.4388888888888889,-0.014720356090477409,-0.01714991288968082,-0.015637518571063234,-0.014661317753947578,-0.03206128782448849,0.0009478701901934831
non_overlapping,smart_consensus,5,source_count,3,88,87,43,0.4318181818181818,0.3333250852294768,0.5360151701667708,0.4318181818181818,0.0005371555777912051,-0.010857488678109095,0.0018110890700185607,-0.009337966486354432,-0.021624999563629014,0.025422504214836255
non_overlapping,smart_consensus,5,source_count,4,64,64,28,0.328125,0.2257039576708776,0.45001123772545737,0.328125,-0.018331687951623973,-0.013714482077807233,-0.014021098981221192,-0.010310362307019205,-0.03578275445223885,0.008237470576014955
non_overlapping,smart_consensus,5,source_count,5+,152,148,27,0.4407894736842105,0.364285114725774,0.5202129910431605,0.4276315789473684,-0.012285966568176931,-0.013704265584558117,-0.012083046273985626,-0.011462420528970674,-0.027110518744492638,0.0018146660008752414
non_overlapping,smart_consensus,5,agreement,split,197,192,43,0.4365482233502538,0.36915912061809625,0.5063646752488955,0.4263959390862944,-0.005555389495531214,-0.008521134656351514,-0.003998954381371235,-0.008697951174127583,-0.015703225828231856,0.009653604463436818
non_overlapping,smart_consensus,5,agreement,unanimous,287,287,96,0.4146341463414634,0.35912993705252366,0.4723934763793926,0.4146341463414634,-0.01584905094804002,-0.018572049973295424,-0.01594087294712376,-0.017422114285890467,-0.03004927245940101,-0.0030410493759208293
non_overlapping,smart_consensus,5,period,first_half_through_2026-01-26,101,101,31,0.4752475247524752,0.3805571262165129,0.5717518808951678,0.46534653465346537,-0.005264479587846738,-0.004444444444444362,-0.005329454841397407,-0.003582293505842493,-0.0214841454003831,0.009380347730035541
non_overlapping,smart_consensus,5,period,second_half_after_2026-01-26,383,378,99,0.40992167101827676,0.3617969125332204,0.4598355075581038,0.4073107049608355,-0.013345631630116489,-0.01775104881538425,-0.012710462534567878,-0.01456738084877579,-0.025309056805554855,-0.0006118897386037618
non_overlapping,smart_consensus,5,consensus_overlap,standalone,484,479,104,0.42355371900826444,0.38030352315572946,0.4680078959606394,0.4194214876033058,-0.01165927552212218,-0.013714482077807233,-0.011154133146237573,-0.011039465630462875,-0.021067448487908882,-0.002072738682023181
non_overlapping,smart_consensus,20,direction,bear,18,18,15,0.4444444444444444,0.24559231101389126,0.6628393057174837,0.4444444444444444,-0.0006499580280653153,-0.01815660388979512,0.022996398083456313,0.011082594942852242,-0.04352618689086929,0.09758087307328511
non_overlapping,smart_consensus,20,direction,bull,205,205,86,0.4682926829268293,0.40119619033828186,0.5365556751904251,0.4682926829268293,-0.010329431792366794,-0.02113171757636445,-0.021950066374838588,-0.03467357863738485,-0.05012965807884905,0.003612707697448163
non_overlapping,smart_consensus,20,source_count,2,135,135,82,0.5037037037037037,0.42043352727523053,0.5867689250157254,0.5037037037037037,-0.006386196084239998,0.0011888010092677703,-0.015718509478866147,-0.00829233127006157,-0.052042301177813985,0.020177312740131403
non_overlapping,smart_consensus,20,source_count,3,39,39,31,0.3333333333333333,0.20632766106915157,0.4902289567975947,0.3333333333333333,-0.017622035677129506,-0.060139534883720924,-0.023811963760214713,-0.05257815297599289,-0.08134591635426239,0.03914279017388027
non_overlapping,smart_consensus,20,source_count,4,12,12,10,0.4166666666666667,0.19325746190524654,0.6804926643446272,0.4166666666666667,-0.07909470278086132,-0.044773870049331976,-0.08742703751211456,-0.05301612103905046,-0.18259523761890772,-0.020414332790504506
non_overlapping,smart_consensus,20,source_count,5+,37,37,14,0.4864864864864865,0.33446153327211037,0.6410536277401908,0.4864864864864865,0.009981068492173456,-0.0073984687621913015,0.00037733446218869216,-0.0024028745091850823,-0.04470582193826708,0.06043170118742735
non_overlapping,smart_consensus,20,agreement,split,60,60,30,0.36666666666666664,0.2562073884620827,0.4931723263320327,0.36666666666666664,-0.014669313773436702,-0.03880192142464972,-0.02383943028815169,-0.036676677485352804,-0.06609152091644399,0.026225704220878207
non_overlapping,smart_consensus,20,agreement,unanimous,163,163,85,0.5030674846625767,0.4271275823408157,0.5788661266622147,0.5030674846625767,-0.007663030279350713,0.0011888010092677703,-0.01629118174264169,-0.019687513296684278,-0.048930088788306604,0.01568240542191419
non_overlapping,smart_consensus,20,period,first_half_through_2026-01-26,54,54,31,0.5370370370370371,0.4060512701625496,0.6631031100758948,0.5370370370370371,-0.007302243481828095,0.015770442936807738,-0.013938124108090002,0.00050766525420054,-0.06290702608067165,0.03658153598645432
non_overlapping,smart_consensus,20,period,second_half_after_2026-01-26,169,169,85,0.4437869822485207,0.3709562798586838,0.5191164804027347,0.4437869822485207,-0.010265749194802672,-0.02401265461711999,-0.01972289786688069,-0.03467357863738485,-0.04954658859269933,0.008464656206767352
non_overlapping,smart_consensus,20,consensus_overlap,standalone,223,223,91,0.4663677130044843,0.402014559167217,0.5318600035232243,0.4663677130044843,-0.00954812897731107,-0.02113171757636445,-0.0183221006338103,-0.022973595642630462,-0.0446550995790271,0.006476677597775914
non_overlapping,smart_consensus,60,direction,bear,10,10,9,0.4,0.16817758120350967,0.6873304525498135,0.4,-0.09117688775755621,-0.10250805683467179,-0.014332985122395359,-0.016897513081575277,-0.1232152445221899,0.09126647056283937
non_overlapping,smart_consensus,60,direction,bull,76,76,52,0.4605263157894737,0.3530754655326989,0.5717757398539667,0.4605263157894737,0.07507233231584813,-0.010542532469217103,0.027290023273580943,-0.05997554496086882,-0.06630073116252375,0.11471213281990397
non_overlapping,smart_consensus,60,source_count,2,67,67,51,0.47761194029850745,0.36250188635242525,0.5951501147316833,0.47761194029850745,0.06349791829156551,-0.021680216802167918,0.024160483636959034,-0.027244831634742006,-0.07092868350066059,0.1208466695885778
non_overlapping,smart_consensus,60,source_count,3,9,9,7,0.5555555555555556,0.2666473457440297,0.811224570528086,0.5555555555555556,0.05993833236640341,0.009371249814597582,0.04073671665546673,-0.023721583415332037,-0.08420922092934606,0.18239656422436998
non_overlapping,smart_consensus,60,source_count,4,7,7,6,0.14285714285714285,0.02567895594897479,0.51313450331903,0.14285714285714285,-0.08015133059832757,-0.15402239504340243,-0.09936622267325448,-0.09305604833170555,-0.16912631244234577,0.00616838135871652
non_overlapping,smart_consensus,60,source_count,5+,3,3,2,0.3333333333333333,0.0614903152761605,0.7923450448735121,0.3333333333333333,0.1869940585948899,-0.012515881382964333,0.2136308742351745,-0.0062307196389418396,-0.035340095090260204,0.7115728128860439
non_overlapping,smart_consensus,60,agreement,split,14,14,11,0.35714285714285715,0.16344490737202735,0.6123599531785959,0.35714285714285715,-0.0003991925536120457,-0.024172673575063697,-0.015168776741813859,-0.0653905658037876,-0.1092523397431337,0.10436525824207435
non_overlapping,smart_consensus,60,agreement,unanimous,72,72,52,0.4722222222222222,0.3612631919907143,0.5859953046654743,0.4722222222222222,0.0666571815858259,-0.017098049092566125,0.02976492766602211,-0.02718208887122081,-0.05881583183903826,0.12858147408349155
non_overlapping,smart_consensus,60,period,first_half_through_2026-01-26,35,35,31,0.3142857142857143,0.18550658059782457,0.47980071879251973,0.3142857142857143,-0.0498905373832792,-0.045028248587570596,-0.05993203220004928,-0.05475262325180663,-0.1722857692820104,0.06702409811071303
non_overlapping,smart_consensus,60,period,second_half_after_2026-01-26,51,51,45,0.5490196078431373,0.41384471541649237,0.6773269498886776,0.5490196078431373,0.12823327817340524,0.010020265705922071,0.0789869224425475,-0.030330994401022826,-0.03431135118999076,0.20114668770890226
non_overlapping,smart_consensus,60,consensus_overlap,standalone,86,86,56,0.45348837209302323,0.3525142050420289,0.5584401857969586,0.45348837209302323,0.05574102765614995,-0.017098049092566125,0.022450138576374394,-0.04254180882641473,-0.056699931961857325,0.10702481339613425
