source_scope,indicator,window_days,outcome_horizon,direction,n_events,raw_hit_rate,excess_hit_rate,excess_hit_ci_low,excess_hit_ci_high,avg_directional_return_pct,median_directional_return_pct,avg_win_pct,avg_loss_pct,payoff_ratio,profit_factor,avg_directional_excess_pct,median_directional_excess_pct,excess_payoff_ratio,excess_profit_factor,avg_max_favorable_excess,avg_max_adverse_excess,updated_at
xueqiu,author_net,7,1D,all,1,0.0,0.0,0.0,0.7934506856227626,-0.0059214713693128695,-0.0059214713693128695,,-0.0059214713693128695,,,-0.005983204421875166,-0.005983204421875166,,,-0.005983204421875166,-0.005983204421875166,2026-07-19T13:02:28+00:00
xueqiu,author_net,7,1D,bull,1,0.0,0.0,0.0,0.7934506856227626,-0.0059214713693128695,-0.0059214713693128695,,-0.0059214713693128695,,,-0.005983204421875166,-0.005983204421875166,,,-0.005983204421875166,-0.005983204421875166,2026-07-19T13:02:28+00:00
xueqiu,author_net,7,5D,all,1,0.0,0.0,0.0,0.7934506856227626,-0.14355068805829296,-0.14355068805829296,,-0.14355068805829296,,,-0.16527386333214766,-0.16527386333214766,,,-0.005983204421875166,-0.16527386333214766,2026-07-19T13:02:28+00:00
xueqiu,author_net,7,5D,bull,1,0.0,0.0,0.0,0.7934506856227626,-0.14355068805829296,-0.14355068805829296,,-0.14355068805829296,,,-0.16527386333214766,-0.16527386333214766,,,-0.005983204421875166,-0.16527386333214766,2026-07-19T13:02:28+00:00
xueqiu,author_net,30,1D,all,1,0.0,0.0,0.0,0.7934506856227626,-0.0059214713693128695,-0.0059214713693128695,,-0.0059214713693128695,,,-0.005983204421875166,-0.005983204421875166,,,-0.005983204421875166,-0.005983204421875166,2026-07-19T13:02:28+00:00
xueqiu,author_net,30,1D,bull,1,0.0,0.0,0.0,0.7934506856227626,-0.0059214713693128695,-0.0059214713693128695,,-0.0059214713693128695,,,-0.005983204421875166,-0.005983204421875166,,,-0.005983204421875166,-0.005983204421875166,2026-07-19T13:02:28+00:00
xueqiu,author_net,30,5D,all,1,0.0,0.0,0.0,0.7934506856227626,-0.14355068805829296,-0.14355068805829296,,-0.14355068805829296,,,-0.16527386333214766,-0.16527386333214766,,,-0.005983204421875166,-0.16527386333214766,2026-07-19T13:02:28+00:00
xueqiu,author_net,30,5D,bull,1,0.0,0.0,0.0,0.7934506856227626,-0.14355068805829296,-0.14355068805829296,,-0.14355068805829296,,,-0.16527386333214766,-0.16527386333214766,,,-0.005983204421875166,-0.16527386333214766,2026-07-19T13:02:28+00:00
xueqiu,author_net,90,1D,all,1,0.0,0.0,0.0,0.7934506856227626,-0.0059214713693128695,-0.0059214713693128695,,-0.0059214713693128695,,,-0.005983204421875166,-0.005983204421875166,,,-0.005983204421875166,-0.005983204421875166,2026-07-19T13:02:28+00:00
xueqiu,author_net,90,1D,bull,1,0.0,0.0,0.0,0.7934506856227626,-0.0059214713693128695,-0.0059214713693128695,,-0.0059214713693128695,,,-0.005983204421875166,-0.005983204421875166,,,-0.005983204421875166,-0.005983204421875166,2026-07-19T13:02:28+00:00
xueqiu,author_net,90,5D,all,1,0.0,0.0,0.0,0.7934506856227626,-0.14355068805829296,-0.14355068805829296,,-0.14355068805829296,,,-0.16527386333214766,-0.16527386333214766,,,-0.005983204421875166,-0.16527386333214766,2026-07-19T13:02:28+00:00
xueqiu,author_net,90,5D,bull,1,0.0,0.0,0.0,0.7934506856227626,-0.14355068805829296,-0.14355068805829296,,-0.14355068805829296,,,-0.16527386333214766,-0.16527386333214766,,,-0.005983204421875166,-0.16527386333214766,2026-07-19T13:02:28+00:00
xueqiu,weighted_net,7,1D,all,1,0.0,0.0,0.0,0.7934506856227626,-0.0059214713693128695,-0.0059214713693128695,,-0.0059214713693128695,,,-0.005983204421875166,-0.005983204421875166,,,-0.005983204421875166,-0.005983204421875166,2026-07-19T13:02:28+00:00
xueqiu,weighted_net,7,1D,bull,1,0.0,0.0,0.0,0.7934506856227626,-0.0059214713693128695,-0.0059214713693128695,,-0.0059214713693128695,,,-0.005983204421875166,-0.005983204421875166,,,-0.005983204421875166,-0.005983204421875166,2026-07-19T13:02:28+00:00
xueqiu,weighted_net,7,5D,all,1,0.0,0.0,0.0,0.7934506856227626,-0.14355068805829296,-0.14355068805829296,,-0.14355068805829296,,,-0.16527386333214766,-0.16527386333214766,,,-0.005983204421875166,-0.16527386333214766,2026-07-19T13:02:28+00:00
xueqiu,weighted_net,7,5D,bull,1,0.0,0.0,0.0,0.7934506856227626,-0.14355068805829296,-0.14355068805829296,,-0.14355068805829296,,,-0.16527386333214766,-0.16527386333214766,,,-0.005983204421875166,-0.16527386333214766,2026-07-19T13:02:28+00:00
xueqiu,weighted_net,30,1D,all,1,0.0,0.0,0.0,0.7934506856227626,-0.0059214713693128695,-0.0059214713693128695,,-0.0059214713693128695,,,-0.005983204421875166,-0.005983204421875166,,,-0.005983204421875166,-0.005983204421875166,2026-07-19T13:02:28+00:00
xueqiu,weighted_net,30,1D,bull,1,0.0,0.0,0.0,0.7934506856227626,-0.0059214713693128695,-0.0059214713693128695,,-0.0059214713693128695,,,-0.005983204421875166,-0.005983204421875166,,,-0.005983204421875166,-0.005983204421875166,2026-07-19T13:02:28+00:00
xueqiu,weighted_net,30,5D,all,1,0.0,0.0,0.0,0.7934506856227626,-0.14355068805829296,-0.14355068805829296,,-0.14355068805829296,,,-0.16527386333214766,-0.16527386333214766,,,-0.005983204421875166,-0.16527386333214766,2026-07-19T13:02:28+00:00
xueqiu,weighted_net,30,5D,bull,1,0.0,0.0,0.0,0.7934506856227626,-0.14355068805829296,-0.14355068805829296,,-0.14355068805829296,,,-0.16527386333214766,-0.16527386333214766,,,-0.005983204421875166,-0.16527386333214766,2026-07-19T13:02:28+00:00
xueqiu,weighted_net,90,1D,all,1,0.0,0.0,0.0,0.7934506856227626,-0.0059214713693128695,-0.0059214713693128695,,-0.0059214713693128695,,,-0.005983204421875166,-0.005983204421875166,,,-0.005983204421875166,-0.005983204421875166,2026-07-19T13:02:28+00:00
xueqiu,weighted_net,90,1D,bull,1,0.0,0.0,0.0,0.7934506856227626,-0.0059214713693128695,-0.0059214713693128695,,-0.0059214713693128695,,,-0.005983204421875166,-0.005983204421875166,,,-0.005983204421875166,-0.005983204421875166,2026-07-19T13:02:28+00:00
xueqiu,weighted_net,90,5D,all,1,0.0,0.0,0.0,0.7934506856227626,-0.14355068805829296,-0.14355068805829296,,-0.14355068805829296,,,-0.16527386333214766,-0.16527386333214766,,,-0.005983204421875166,-0.16527386333214766,2026-07-19T13:02:28+00:00
xueqiu,weighted_net,90,5D,bull,1,0.0,0.0,0.0,0.7934506856227626,-0.14355068805829296,-0.14355068805829296,,-0.14355068805829296,,,-0.16527386333214766,-0.16527386333214766,,,-0.005983204421875166,-0.16527386333214766,2026-07-19T13:02:28+00:00
youtube,author_net,1,1D,all,7,0.5714285714285714,0.5714285714285714,0.2504583645276572,0.8417801447485302,0.005105995123469241,0.005822523584905648,0.01981649548296177,-0.014508005355854134,1.365900755955098,1.8212010079401306,0.004497454706195019,0.01058186599659039,1.3124410940601772,1.749921458746903,0.004497454706195019,0.004497454706195019,2026-07-19T13:02:28+00:00
youtube,author_net,1,1D,bull,7,0.5714285714285714,0.5714285714285714,0.2504583645276572,0.8417801447485302,0.005105995123469241,0.005822523584905648,0.01981649548296177,-0.014508005355854134,1.365900755955098,1.8212010079401306,0.004497454706195019,0.01058186599659039,1.3124410940601772,1.749921458746903,0.004497454706195019,0.004497454706195019,2026-07-19T13:02:28+00:00
youtube,author_net,1,20D,all,2,0.0,0.0,0.0,0.6576197724933469,-0.02201703953667944,-0.02201703953667944,,-0.02201703953667944,,,-0.027707453776130153,-0.027707453776130153,,,0.08084502570053642,-0.1250217238767325,2026-07-19T13:02:28+00:00
youtube,author_net,1,20D,bull,2,0.0,0.0,0.0,0.6576197724933469,-0.02201703953667944,-0.02201703953667944,,-0.02201703953667944,,,-0.027707453776130153,-0.027707453776130153,,,0.08084502570053642,-0.1250217238767325,2026-07-19T13:02:28+00:00
youtube,author_net,1,5D,all,7,0.42857142857142855,0.2857142857142857,0.08221892400405678,0.6410655481673808,-0.0420268735776632,-0.015714127994700733,0.03406062134710849,-0.09909249477124196,0.34372554072574785,0.2577941555443109,-0.05045288853198894,-0.03372944918175247,0.45849379797963563,0.18339751919185426,0.030531505360603815,-0.06848807828113253,2026-07-19T13:02:28+00:00
youtube,author_net,1,5D,bull,7,0.42857142857142855,0.2857142857142857,0.08221892400405678,0.6410655481673808,-0.0420268735776632,-0.015714127994700733,0.03406062134710849,-0.09909249477124196,0.34372554072574785,0.2577941555443109,-0.05045288853198894,-0.03372944918175247,0.45849379797963563,0.18339751919185426,0.030531505360603815,-0.06848807828113253,2026-07-19T13:02:28+00:00
youtube,author_net,3,1D,all,15,0.4666666666666667,0.42857142857142855,0.21380798904474121,0.6740935542034926,0.003753765174704012,-0.0021368948247078023,0.024889373816846274,-0.014739892387170467,1.6885722882556367,1.477500752223682,0.002750652526016465,-0.0035021618257498055,1.8575346343127175,1.3931509757345382,0.0036774117313671897,0.0036774117313671897,2026-07-19T13:02:28+00:00
youtube,author_net,3,1D,bull,15,0.4666666666666667,0.42857142857142855,0.21380798904474121,0.6740935542034926,0.003753765174704012,-0.0021368948247078023,0.024889373816846274,-0.014739892387170467,1.6885722882556367,1.477500752223682,0.002750652526016465,-0.0035021618257498055,1.8575346343127175,1.3931509757345382,0.0036774117313671897,0.0036774117313671897,2026-07-19T13:02:28+00:00
youtube,author_net,3,20D,all,7,0.42857142857142855,0.42857142857142855,0.15821985525146975,0.7495416354723428,0.0030955351232698136,-0.06990533872641413,0.1395289929414274,-0.09922955824034838,1.4061232904359802,1.0545924678269851,-0.00118059385318051,-0.08629154074929302,1.3065414801249557,0.9799061100937169,0.0772368926709031,-0.10414103710953283,2026-07-19T13:02:28+00:00
youtube,author_net,3,20D,bull,7,0.42857142857142855,0.42857142857142855,0.15821985525146975,0.7495416354723428,0.0030955351232698136,-0.06990533872641413,0.1395289929414274,-0.09922955824034838,1.4061232904359802,1.0545924678269851,-0.00118059385318051,-0.08629154074929302,1.3065414801249557,0.9799061100937169,0.0772368926709031,-0.10414103710953283,2026-07-19T13:02:28+00:00
youtube,author_net,3,5D,all,15,0.5333333333333333,0.42857142857142855,0.21380798904474121,0.6740935542034926,-0.019506904407640833,0.008017910136929318,0.041662031229491,-0.08941425942150578,0.4659439277251399,0.5325073459715884,-0.02480402888821068,-0.010442496278389057,0.5503396800621472,0.41275476004661044,0.03259182812703836,-0.04940922603708646,2026-07-19T13:02:28+00:00
youtube,author_net,3,5D,bull,15,0.5333333333333333,0.42857142857142855,0.21380798904474121,0.6740935542034926,-0.019506904407640833,0.008017910136929318,0.041662031229491,-0.08941425942150578,0.4659439277251399,0.5325073459715884,-0.02480402888821068,-0.010442496278389057,0.5503396800621472,0.41275476004661044,0.03259182812703836,-0.04940922603708646,2026-07-19T13:02:28+00:00
youtube,author_net,3,60D,all,3,0.0,0.0,5.551115123125783e-17,0.5614970317550454,-0.19748355082938895,-0.18410695320797155,,-0.19748355082938895,,,-0.2038492539852971,-0.20468634689356735,,,0.07611774308808805,-0.21433696347727993,2026-07-19T13:02:28+00:00
youtube,author_net,3,60D,bull,3,0.0,0.0,5.551115123125783e-17,0.5614970317550454,-0.19748355082938895,-0.18410695320797155,,-0.19748355082938895,,,-0.2038492539852971,-0.20468634689356735,,,0.07611774308808805,-0.21433696347727993,2026-07-19T13:02:28+00:00
youtube,author_net,3,90D,all,3,0.0,0.0,5.551115123125783e-17,0.5614970317550454,-0.1551452414749951,-0.19808983291332238,,-0.1551452414749951,,,-0.16460111981145684,-0.19440155449271557,,,0.07611774308808805,-0.279336037309199,2026-07-19T13:02:28+00:00
youtube,author_net,3,90D,bull,3,0.0,0.0,5.551115123125783e-17,0.5614970317550454,-0.1551452414749951,-0.19808983291332238,,-0.1551452414749951,,,-0.16460111981145684,-0.19440155449271557,,,0.07611774308808805,-0.279336037309199,2026-07-19T13:02:28+00:00
youtube,author_net,7,1D,all,18,0.4444444444444444,0.4117647058823529,0.2161105679021481,0.6399455735700021,-0.004171680620298589,-0.0025959950511277308,0.024826627758763264,-0.02737032732354807,0.9070636045117249,0.7256508836093799,-0.004256577635411821,-0.0038874953213896557,0.9753527398276305,0.6827469178793413,-0.0030949877330957564,-0.0030949877330957564,2026-07-19T13:02:28+00:00
youtube,author_net,7,1D,bull,18,0.4444444444444444,0.4117647058823529,0.2161105679021481,0.6399455735700021,-0.004171680620298589,-0.0025959950511277308,0.024826627758763264,-0.02737032732354807,0.9070636045117249,0.7256508836093799,-0.004256577635411821,-0.0038874953213896557,0.9753527398276305,0.6827469178793413,-0.0030949877330957564,-0.0030949877330957564,2026-07-19T13:02:28+00:00
youtube,author_net,7,20D,all,10,0.4,0.4,0.16818032970623614,0.6873262302663417,-3.177236928405547e-05,-0.016508082444659844,0.10740416853946816,-0.07165573297511886,1.4988914924192078,0.9992609949461385,-0.0018278043652024678,-0.014481987335593915,1.4377226105796692,0.9584817403864463,0.07696089381903151,-0.09883857108192495,2026-07-19T13:02:28+00:00
youtube,author_net,7,20D,bull,10,0.4,0.4,0.16818032970623614,0.6873262302663417,-3.177236928405547e-05,-0.016508082444659844,0.10740416853946816,-0.07165573297511886,1.4988914924192078,0.9992609949461385,-0.0018278043652024678,-0.014481987335593915,1.4377226105796692,0.9584817403864463,0.07696089381903151,-0.09883857108192495,2026-07-19T13:02:28+00:00
youtube,author_net,7,5D,all,18,0.5555555555555556,0.47058823529411764,0.26165106442409436,0.6903676493999558,-0.011819046310590756,0.007192945012962526,0.03975122821738246,-0.07628188947055728,0.5211096433672548,0.6513870542090686,-0.015291013097077444,-0.008016415460222581,0.6148405995718516,0.5465249773972013,0.030485294073370067,-0.042003424368245584,2026-07-19T13:02:28+00:00
youtube,author_net,7,5D,bull,18,0.5555555555555556,0.47058823529411764,0.26165106442409436,0.6903676493999558,-0.011819046310590756,0.007192945012962526,0.03975122821738246,-0.07628188947055728,0.5211096433672548,0.6513870542090686,-0.015291013097077444,-0.008016415460222581,0.6148405995718516,0.5465249773972013,0.030485294073370067,-0.042003424368245584,2026-07-19T13:02:28+00:00
youtube,author_net,7,60D,all,4,0.0,0.0,0.0,0.4898908364545973,-0.1743336270239785,-0.17783099084553083,,-0.1743336270239785,,,-0.18935995045450055,-0.17565068489104352,,,0.07848713261125348,-0.20240809696969644,2026-07-19T13:02:28+00:00
youtube,author_net,7,60D,bull,4,0.0,0.0,0.0,0.4898908364545973,-0.1743336270239785,-0.17783099084553083,,-0.1743336270239785,,,-0.18935995045450055,-0.17565068489104352,,,0.07848713261125348,-0.20240809696969644,2026-07-19T13:02:28+00:00
youtube,author_net,7,90D,all,4,0.0,0.0,0.0,0.4898908364545973,-0.16046806179281733,-0.18726317782980323,,-0.16046806179281733,,,-0.18617371719541348,-0.2226465319199995,,,0.07848713261125348,-0.2722249053187201,2026-07-19T13:02:28+00:00
youtube,author_net,7,90D,bull,4,0.0,0.0,0.0,0.4898908364545973,-0.16046806179281733,-0.18726317782980323,,-0.16046806179281733,,,-0.18617371719541348,-0.2226465319199995,,,0.07848713261125348,-0.2722249053187201,2026-07-19T13:02:28+00:00
youtube,author_net,30,1D,all,18,0.3888888888888889,0.3888888888888889,0.2030524657216362,0.613809583977621,-0.00803903960765933,-0.007394567850737055,0.032627027702530356,-0.03391744607778004,0.961954140878105,0.6121526351042488,-0.006357734958876118,-0.007084745368897916,0.9918954572111248,0.6312062000434431,-0.006357734958876118,-0.006357734958876118,2026-07-19T13:02:28+00:00
youtube,author_net,30,1D,bull,18,0.3888888888888889,0.3888888888888889,0.2030524657216362,0.613809583977621,-0.00803903960765933,-0.007394567850737055,0.032627027702530356,-0.03391744607778004,0.961954140878105,0.6121526351042488,-0.006357734958876118,-0.007084745368897916,0.9918954572111248,0.6312062000434431,-0.006357734958876118,-0.006357734958876118,2026-07-19T13:02:28+00:00
youtube,author_net,30,20D,all,13,0.3076923076923077,0.23076923076923078,0.08179528718498569,0.5025637594672749,0.025725037448077533,-0.018731369831086586,0.23310509290512121,-0.06644387608838632,3.5083006384972997,1.5592447282210222,0.010299863923092985,-0.022240561520682767,3.998983881782495,1.1996951645347484,0.09648004760939694,-0.10021200665940468,2026-07-19T13:02:28+00:00
youtube,author_net,30,20D,bull,13,0.3076923076923077,0.23076923076923078,0.08179528718498569,0.5025637594672749,0.025725037448077533,-0.018731369831086586,0.23310509290512121,-0.06644387608838632,3.5083006384972997,1.5592447282210222,0.010299863923092985,-0.022240561520682767,3.998983881782495,1.1996951645347484,0.09648004760939694,-0.10021200665940468,2026-07-19T13:02:28+00:00
youtube,author_net,30,5D,all,17,0.6470588235294118,0.6470588235294118,0.41300363485218694,0.8269027960275627,0.014078370173366439,0.01996460176991155,0.06627544310607957,-0.08161626353660763,0.8120372121219788,1.4887348888902943,0.00781841520786565,0.009476218915893453,0.7055041226414215,1.293424224842606,0.04128094703580772,-0.049363862586868146,2026-07-19T13:02:28+00:00
youtube,author_net,30,5D,bull,17,0.6470588235294118,0.6470588235294118,0.41300363485218694,0.8269027960275627,0.014078370173366439,0.01996460176991155,0.06627544310607957,-0.08161626353660763,0.8120372121219788,1.4887348888902943,0.00781841520786565,0.009476218915893453,0.7055041226414215,1.293424224842606,0.04128094703580772,-0.049363862586868146,2026-07-19T13:02:28+00:00
youtube,author_net,30,60D,all,5,0.2,0.2,0.03622410863243014,0.6244653702374747,-0.14855557320635135,-0.17155502848309012,0.0951346406723459,-0.20947812667602567,0.45415071340350044,0.11353767835087511,-0.16469251068788815,-0.14661502288851969,0.33208805861695334,0.08302201465423834,0.055555272197079855,-0.1946941138523109,2026-07-19T13:02:28+00:00
youtube,author_net,30,60D,bull,5,0.2,0.2,0.03622410863243014,0.6244653702374747,-0.14855557320635135,-0.17155502848309012,0.0951346406723459,-0.20947812667602567,0.45415071340350044,0.11353767835087511,-0.16469251068788815,-0.14661502288851969,0.33208805861695334,0.08302201465423834,0.055555272197079855,-0.1946941138523109,2026-07-19T13:02:28+00:00
youtube,author_net,30,90D,all,5,0.2,0.2,0.03622410863243014,0.6244653702374747,-0.19281053168205858,-0.19808983291332238,0.018237950946200954,-0.24557265233912345,0.07426702758829702,0.018566756897074255,-0.21056034532707946,-0.25089150934728344,0.11910832311090856,0.02977708077772714,0.05692196599632175,-0.2594448985215448,2026-07-19T13:02:28+00:00
youtube,author_net,30,90D,bull,5,0.2,0.2,0.03622410863243014,0.6244653702374747,-0.19281053168205858,-0.19808983291332238,0.018237950946200954,-0.24557265233912345,0.07426702758829702,0.018566756897074255,-0.21056034532707946,-0.25089150934728344,0.11910832311090856,0.02977708077772714,0.05692196599632175,-0.2594448985215448,2026-07-19T13:02:28+00:00
youtube,author_net,90,1D,all,19,0.5263157894736842,0.5263157894736842,0.3170780924511316,0.7267019483882042,0.005474699270386077,0.013428571428571345,0.03223717109074322,-0.02426138053001075,1.328744300056075,1.4763825556178611,0.004800201671957172,0.00708027260381372,1.3757728332556731,1.5286364813951925,0.004800201671957172,0.004800201671957172,2026-07-19T13:02:28+00:00
youtube,author_net,90,1D,bull,19,0.5263157894736842,0.5263157894736842,0.3170780924511316,0.7267019483882042,0.005474699270386077,0.013428571428571345,0.03223717109074322,-0.02426138053001075,1.328744300056075,1.4763825556178611,0.004800201671957172,0.00708027260381372,1.3757728332556731,1.5286364813951925,0.004800201671957172,0.004800201671957172,2026-07-19T13:02:28+00:00
youtube,author_net,90,20D,all,15,0.3333333333333333,0.3333333333333333,0.1517632443971473,0.5828645226148023,0.021818538717440668,-0.018731369831086586,0.20634883622885888,-0.07044661003826844,2.9291521070604363,1.4645760535302181,0.012648590491616167,-0.022240561520682767,2.5194094281602166,1.2597047140801083,0.08954339156957918,-0.08972786502891664,2026-07-19T13:02:28+00:00
youtube,author_net,90,20D,bull,15,0.3333333333333333,0.3333333333333333,0.1517632443971473,0.5828645226148023,0.021818538717440668,-0.018731369831086586,0.20634883622885888,-0.07044661003826844,2.9291521070604363,1.4645760535302181,0.012648590491616167,-0.022240561520682767,2.5194094281602166,1.2597047140801083,0.08954339156957918,-0.08972786502891664,2026-07-19T13:02:28+00:00
youtube,author_net,90,5D,all,19,0.7894736842105263,0.7894736842105263,0.5666572155618583,0.9149232336708375,0.026745499686441267,0.03498443489125602,0.05611841121864057,-0.08340291855930612,0.672859082008454,2.5232215575317025,0.022124710167820097,0.01815464873248618,0.6770186406126668,2.5388199022975004,0.04434660666297315,-0.029818872169481564,2026-07-19T13:02:28+00:00
youtube,author_net,90,5D,bull,19,0.7894736842105263,0.7894736842105263,0.5666572155618583,0.9149232336708375,0.026745499686441267,0.03498443489125602,0.05611841121864057,-0.08340291855930612,0.672859082008454,2.5232215575317025,0.022124710167820097,0.01815464873248618,0.6770186406126668,2.5388199022975004,0.04434660666297315,-0.029818872169481564,2026-07-19T13:02:28+00:00
youtube,author_net,90,60D,all,8,0.25,0.25,0.071479212752109,0.5907245696898311,-0.0742690685569233,-0.05479082666802282,0.13281868718508605,-0.14329832047092642,0.9268684151258663,0.30895613837528874,-0.10953446383809483,-0.10510394609069507,0.46453658395012454,0.15484552798337486,0.057556123812131404,-0.18707368522768622,2026-07-19T13:02:28+00:00
youtube,author_net,90,60D,bull,8,0.25,0.25,0.071479212752109,0.5907245696898311,-0.0742690685569233,-0.05479082666802282,0.13281868718508605,-0.14329832047092642,0.9268684151258663,0.30895613837528874,-0.10953446383809483,-0.10510394609069507,0.46453658395012454,0.15484552798337486,0.057556123812131404,-0.18707368522768622,2026-07-19T13:02:28+00:00
youtube,author_net,90,90D,all,7,0.42857142857142855,0.14285714285714285,0.02567962434474355,0.5131278292743189,-0.1243736661530245,-0.15392882732266544,0.02972241695390121,-0.2399457284832188,0.12387141518120387,0.0929035613859029,-0.16460256612108015,-0.19440155449271557,0.16366754172066866,0.027277923620111444,0.0611614078504782,-0.219437756357647,2026-07-19T13:02:28+00:00
youtube,author_net,90,90D,bull,7,0.42857142857142855,0.14285714285714285,0.02567962434474355,0.5131278292743189,-0.1243736661530245,-0.15392882732266544,0.02972241695390121,-0.2399457284832188,0.12387141518120387,0.0929035613859029,-0.16460256612108015,-0.19440155449271557,0.16366754172066866,0.027277923620111444,0.0611614078504782,-0.219437756357647,2026-07-19T13:02:28+00:00
youtube,author_net_shift,7,1D,all,1,1.0,1.0,0.20654931437723745,1.0,0.014844944169537966,0.014844944169537966,0.014844944169537966,,,,0.010988817582209931,0.010988817582209931,,,0.010988817582209931,0.010988817582209931,2026-07-19T13:02:28+00:00
youtube,author_net_shift,7,1D,bull,1,1.0,1.0,0.20654931437723745,1.0,0.014844944169537966,0.014844944169537966,0.014844944169537966,,,,0.010988817582209931,0.010988817582209931,,,0.010988817582209931,0.010988817582209931,2026-07-19T13:02:28+00:00
youtube,author_net_shift,7,5D,all,1,0.0,0.0,0.0,0.7934506856227626,-0.11583201637348117,-0.11583201637348117,,-0.11583201637348117,,,-0.11406351693860328,-0.11406351693860328,,,0.019096129689188945,-0.11406351693860328,2026-07-19T13:02:28+00:00
youtube,author_net_shift,7,5D,bull,1,0.0,0.0,0.0,0.7934506856227626,-0.11583201637348117,-0.11583201637348117,,-0.11583201637348117,,,-0.11406351693860328,-0.11406351693860328,,,0.019096129689188945,-0.11406351693860328,2026-07-19T13:02:28+00:00
youtube,author_net_shift,90,1D,all,2,0.0,0.5,0.09453120573423074,0.9054687942657693,-0.003015593723755594,-0.003015593723755594,,-0.003015593723755594,,,0.002190402929165003,0.002190402929165003,2.5603191259582334,2.5603191259582334,0.002190402929165003,0.002190402929165003,2026-07-19T13:02:28+00:00
youtube,author_net_shift,90,1D,bear,1,0.0,1.0,0.20654931437723745,1.0,-0.0005983097748858413,-0.0005983097748858413,,-0.0005983097748858413,,,0.0071884403899131755,0.0071884403899131755,,,0.0071884403899131755,0.0071884403899131755,2026-07-19T13:02:28+00:00
youtube,author_net_shift,90,1D,bull,1,0.0,0.0,0.0,0.7934506856227626,-0.005432877672625347,-0.005432877672625347,,-0.005432877672625347,,,-0.0028076345315831697,-0.0028076345315831697,,,-0.0028076345315831697,-0.0028076345315831697,2026-07-19T13:02:28+00:00
youtube,author_net_shift,90,20D,all,1,0.0,0.0,0.0,0.7934506856227626,-0.0634956248597709,-0.0634956248597709,,-0.0634956248597709,,,-0.02767932075078372,-0.02767932075078372,,,0.04680521449942787,-0.15975921704441398,2026-07-19T13:02:28+00:00
youtube,author_net_shift,90,20D,bear,1,0.0,0.0,0.0,0.7934506856227626,-0.0634956248597709,-0.0634956248597709,,-0.0634956248597709,,,-0.02767932075078372,-0.02767932075078372,,,0.04680521449942787,-0.15975921704441398,2026-07-19T13:02:28+00:00
youtube,author_net_shift,90,5D,all,2,0.5,0.5,0.09453120573423074,0.9054687942657693,0.0026091413995211754,0.0026091413995211754,0.022344900105152554,-0.017126617306110203,1.3046884685851328,1.3046884685851328,0.0016001656460487013,0.0016001656460487013,1.9508084559312278,1.9508084559312278,0.006877338528338606,-0.039561899489761354,2026-07-19T13:02:28+00:00
youtube,author_net_shift,90,5D,bear,1,0.0,0.0,0.0,0.7934506856227626,-0.017126617306110203,-0.017126617306110203,,-0.017126617306110203,,,-0.0033659053746666334,-0.0033659053746666334,,,0.0071884403899131755,-0.020282663160815728,2026-07-19T13:02:28+00:00
youtube,author_net_shift,90,5D,bull,1,1.0,1.0,0.20654931437723745,1.0,0.022344900105152554,0.022344900105152554,0.022344900105152554,,,,0.006566236666764036,0.006566236666764036,,,0.006566236666764036,-0.05884113581870698,2026-07-19T13:02:28+00:00
youtube,high_low_divergence,3,1D,all,3,0.6666666666666666,0.6666666666666666,0.2076596008020477,0.9385080552796037,0.013632851094240542,0.014844944169537966,0.027666153029221763,-0.014433752775721898,1.9167678329475928,3.8335356658951856,0.012059261995993312,0.010988817582209931,1.4443668088496342,2.8887336176992684,0.012059261995993312,0.012059261995993312,2026-07-19T13:02:28+00:00
youtube,high_low_divergence,3,1D,bear,2,0.5,0.5,0.09453120573423074,0.9054687942657693,0.013026804556591831,0.013026804556591831,0.04048736188890556,-0.014433752775721898,2.805047482662083,2.805047482662083,0.012594484202885003,0.012594484202885003,2.3150404350047684,2.3150404350047684,0.012594484202885003,0.012594484202885003,2026-07-19T13:02:28+00:00
youtube,high_low_divergence,3,1D,bull,1,1.0,1.0,0.20654931437723745,1.0,0.014844944169537966,0.014844944169537966,0.014844944169537966,,,,0.010988817582209931,0.010988817582209931,,,0.010988817582209931,0.010988817582209931,2026-07-19T13:02:28+00:00
youtube,high_low_divergence,3,20D,all,1,0.0,0.0,0.0,0.7934506856227626,-0.04885270170244249,-0.04885270170244249,,-0.04885270170244249,,,-0.018868346896646848,-0.018868346896646848,,,0.04725659785073788,-0.15716216125722648,2026-07-19T13:02:28+00:00
youtube,high_low_divergence,3,20D,bear,1,0.0,0.0,0.0,0.7934506856227626,-0.04885270170244249,-0.04885270170244249,,-0.04885270170244249,,,-0.018868346896646848,-0.018868346896646848,,,0.04725659785073788,-0.15716216125722648,2026-07-19T13:02:28+00:00
youtube,high_low_divergence,3,5D,all,3,0.3333333333333333,0.3333333333333333,0.06149194472039621,0.7923403991979522,-0.03195269313108159,-0.01740578174663243,0.03737971872686885,-0.0666188990600568,0.5610978153987671,0.28054890769938357,-0.02866040008979191,-0.019174281181510322,0.7093572322192859,0.35467861610964296,0.036898738672053476,-0.050797439396859066,2026-07-19T13:02:28+00:00
youtube,high_low_divergence,3,5D,bear,2,0.5,0.5,0.09453120573423074,0.9054687942657693,0.009986968490118209,0.009986968490118209,0.03737971872686885,-0.01740578174663243,2.1475461011167085,2.1475461011167085,0.01404115833461378,0.01404115833461378,2.464582500036936,2.464582500036936,0.04580004316348574,-0.019164400625986955,2026-07-19T13:02:28+00:00
youtube,high_low_divergence,3,5D,bull,1,0.0,0.0,0.0,0.7934506856227626,-0.11583201637348117,-0.11583201637348117,,-0.11583201637348117,,,-0.11406351693860328,-0.11406351693860328,,,0.019096129689188945,-0.11406351693860328,2026-07-19T13:02:28+00:00
youtube,high_low_divergence,7,1D,all,3,0.6666666666666666,0.6666666666666666,0.2076596008020477,0.9385080552796037,0.013632851094240542,0.014844944169537966,0.027666153029221763,-0.014433752775721898,1.9167678329475928,3.8335356658951856,0.012059261995993312,0.010988817582209931,1.4443668088496342,2.8887336176992684,0.012059261995993312,0.012059261995993312,2026-07-19T13:02:28+00:00
youtube,high_low_divergence,7,1D,bear,2,0.5,0.5,0.09453120573423074,0.9054687942657693,0.013026804556591831,0.013026804556591831,0.04048736188890556,-0.014433752775721898,2.805047482662083,2.805047482662083,0.012594484202885003,0.012594484202885003,2.3150404350047684,2.3150404350047684,0.012594484202885003,0.012594484202885003,2026-07-19T13:02:28+00:00
youtube,high_low_divergence,7,1D,bull,1,1.0,1.0,0.20654931437723745,1.0,0.014844944169537966,0.014844944169537966,0.014844944169537966,,,,0.010988817582209931,0.010988817582209931,,,0.010988817582209931,0.010988817582209931,2026-07-19T13:02:28+00:00
youtube,high_low_divergence,7,20D,all,1,0.0,0.0,0.0,0.7934506856227626,-0.04885270170244249,-0.04885270170244249,,-0.04885270170244249,,,-0.018868346896646848,-0.018868346896646848,,,0.04725659785073788,-0.15716216125722648,2026-07-19T13:02:28+00:00
youtube,high_low_divergence,7,20D,bear,1,0.0,0.0,0.0,0.7934506856227626,-0.04885270170244249,-0.04885270170244249,,-0.04885270170244249,,,-0.018868346896646848,-0.018868346896646848,,,0.04725659785073788,-0.15716216125722648,2026-07-19T13:02:28+00:00
youtube,high_low_divergence,7,5D,all,3,0.3333333333333333,0.3333333333333333,0.06149194472039621,0.7923403991979522,-0.03195269313108159,-0.01740578174663243,0.03737971872686885,-0.0666188990600568,0.5610978153987671,0.28054890769938357,-0.02866040008979191,-0.019174281181510322,0.7093572322192859,0.35467861610964296,0.036898738672053476,-0.050797439396859066,2026-07-19T13:02:28+00:00
youtube,high_low_divergence,7,5D,bear,2,0.5,0.5,0.09453120573423074,0.9054687942657693,0.009986968490118209,0.009986968490118209,0.03737971872686885,-0.01740578174663243,2.1475461011167085,2.1475461011167085,0.01404115833461378,0.01404115833461378,2.464582500036936,2.464582500036936,0.04580004316348574,-0.019164400625986955,2026-07-19T13:02:28+00:00
youtube,high_low_divergence,7,5D,bull,1,0.0,0.0,0.0,0.7934506856227626,-0.11583201637348117,-0.11583201637348117,,-0.11583201637348117,,,-0.11406351693860328,-0.11406351693860328,,,0.019096129689188945,-0.11406351693860328,2026-07-19T13:02:28+00:00
youtube,high_low_divergence,30,1D,all,4,0.5,0.5,0.15003898915214947,0.8499610108478506,0.015620816249364289,0.014801699223948916,0.0442154587714505,-0.012973826272721922,3.408050781781746,3.408050781781746,0.015521341067328692,0.017473199621342528,3.8453507735411487,3.8453507735411487,0.015521341067328692,0.015521341067328692,2026-07-19T13:02:28+00:00
youtube,high_low_divergence,30,1D,bear,2,0.5,0.5,0.09453120573423074,0.9054687942657693,0.013341772720948941,0.013341772720948941,0.04111729821761978,-0.014433752775721898,2.848690763692488,2.848690763692488,0.009228646231726367,0.009228646231726367,1.9635998393879894,1.9635998393879894,0.009228646231726367,0.009228646231726367,2026-07-19T13:02:28+00:00
youtube,high_low_divergence,30,1D,bull,2,0.5,0.5,0.09453120573423074,0.9054687942657693,0.017899859777779636,0.017899859777779636,0.04731361932528122,-0.011513899769721947,4.109261003791404,4.109261003791404,0.021814035902931017,0.021814035902931017,17.36822024914132,17.36822024914132,0.021814035902931017,0.021814035902931017,2026-07-19T13:02:28+00:00
youtube,high_low_divergence,30,20D,all,2,0.0,0.0,0.0,0.7934506856227626,-0.039845480542838596,-0.039845480542838596,,-0.039845480542838596,,,-0.018868346896646848,-0.018868346896646848,,,0.022295592279753307,-0.11682790387992126,2026-07-19T13:02:28+00:00
youtube,high_low_divergence,30,20D,bear,1,0.0,0.0,0.0,0.7934506856227626,-0.04885270170244249,-0.04885270170244249,,-0.04885270170244249,,,-0.018868346896646848,-0.018868346896646848,,,0.04725659785073788,-0.15716216125722648,2026-07-19T13:02:28+00:00
youtube,high_low_divergence,30,20D,bull,1,0.0,,,,-0.0308382593832347,-0.0308382593832347,,-0.0308382593832347,,,,,,,-0.0026654132912312667,-0.07649364650261603,2026-07-19T13:02:28+00:00
youtube,high_low_divergence,30,5D,all,4,0.75,0.5,0.15003898915214947,0.8499610108478506,0.009798076980562037,0.023046149276308603,0.053320506570156044,-0.12076921178821998,0.4415074486339987,1.3245223459019961,0.008688629511541951,0.020453962048038232,1.2965313611151923,1.2965313611151923,0.046726108254093596,-0.027788278767260588,2026-07-19T13:02:28+00:00
youtube,high_low_divergence,30,5D,bear,2,0.5,0.5,0.09453120573423074,0.9054687942657693,-0.041694746530675564,-0.041694746530675564,0.03737971872686885,-0.12076921178821998,0.3095136431992092,0.3095136431992092,-0.031799122061061114,-0.031799122061061114,0.426292591371944,0.426292591371944,0.0424342051923271,-0.06500468102166185,2026-07-19T13:02:28+00:00
youtube,high_low_divergence,30,5D,bull,2,1.0,0.5,0.09453120573423074,0.9054687942657693,0.06129090049179964,0.06129090049179964,0.06129090049179964,,,,0.049176381084145016,0.049176381084145016,16.491859555088343,16.491859555088343,0.05101801131586009,0.009428123487140672,2026-07-19T13:02:28+00:00
youtube,high_low_divergence,90,1D,all,1,1.0,1.0,0.20654931437723745,1.0,0.014081173825582605,0.014081173825582605,0.014081173825582605,,,,0.008283106514686223,0.008283106514686223,,,0.008283106514686223,0.008283106514686223,2026-07-19T13:02:28+00:00
youtube,high_low_divergence,90,1D,bull,1,1.0,1.0,0.20654931437723745,1.0,0.014081173825582605,0.014081173825582605,0.014081173825582605,,,,0.008283106514686223,0.008283106514686223,,,0.008283106514686223,0.008283106514686223,2026-07-19T13:02:28+00:00
youtube,high_low_divergence,90,20D,all,1,0.0,0.0,0.0,0.7934506856227626,-0.0735297597917407,-0.0735297597917407,,-0.0735297597917407,,,-0.05227017965178726,-0.05227017965178726,,,0.05088384887757402,-0.05227017965178726,2026-07-19T13:02:28+00:00
youtube,high_low_divergence,90,20D,bull,1,0.0,0.0,0.0,0.7934506856227626,-0.0735297597917407,-0.0735297597917407,,-0.0735297597917407,,,-0.05227017965178726,-0.05227017965178726,,,0.05088384887757402,-0.05227017965178726,2026-07-19T13:02:28+00:00
youtube,high_low_divergence,90,5D,all,1,1.0,1.0,0.20654931437723745,1.0,0.016447757661814943,0.016447757661814943,0.016447757661814943,,,,0.011129530404234034,0.011129530404234034,,,0.05088384887757402,-0.008942876336216155,2026-07-19T13:02:28+00:00
youtube,high_low_divergence,90,5D,bull,1,1.0,1.0,0.20654931437723745,1.0,0.016447757661814943,0.016447757661814943,0.016447757661814943,,,,0.011129530404234034,0.011129530404234034,,,0.05088384887757402,-0.008942876336216155,2026-07-19T13:02:28+00:00
youtube,weighted_net,1,1D,all,7,0.5714285714285714,0.5714285714285714,0.2504583645276572,0.8417801447485302,0.005105995123469241,0.005822523584905648,0.01981649548296177,-0.014508005355854134,1.365900755955098,1.8212010079401306,0.004497454706195019,0.01058186599659039,1.3124410940601772,1.749921458746903,0.004497454706195019,0.004497454706195019,2026-07-19T13:02:28+00:00
youtube,weighted_net,1,1D,bull,7,0.5714285714285714,0.5714285714285714,0.2504583645276572,0.8417801447485302,0.005105995123469241,0.005822523584905648,0.01981649548296177,-0.014508005355854134,1.365900755955098,1.8212010079401306,0.004497454706195019,0.01058186599659039,1.3124410940601772,1.749921458746903,0.004497454706195019,0.004497454706195019,2026-07-19T13:02:28+00:00
youtube,weighted_net,1,20D,all,2,0.0,0.0,0.0,0.6576197724933469,-0.02201703953667944,-0.02201703953667944,,-0.02201703953667944,,,-0.027707453776130153,-0.027707453776130153,,,0.08084502570053642,-0.1250217238767325,2026-07-19T13:02:28+00:00
youtube,weighted_net,1,20D,bull,2,0.0,0.0,0.0,0.6576197724933469,-0.02201703953667944,-0.02201703953667944,,-0.02201703953667944,,,-0.027707453776130153,-0.027707453776130153,,,0.08084502570053642,-0.1250217238767325,2026-07-19T13:02:28+00:00
youtube,weighted_net,1,5D,all,7,0.42857142857142855,0.2857142857142857,0.08221892400405678,0.6410655481673808,-0.0420268735776632,-0.015714127994700733,0.03406062134710849,-0.09909249477124196,0.34372554072574785,0.2577941555443109,-0.05045288853198894,-0.03372944918175247,0.45849379797963563,0.18339751919185426,0.030531505360603815,-0.06848807828113253,2026-07-19T13:02:28+00:00
youtube,weighted_net,1,5D,bull,7,0.42857142857142855,0.2857142857142857,0.08221892400405678,0.6410655481673808,-0.0420268735776632,-0.015714127994700733,0.03406062134710849,-0.09909249477124196,0.34372554072574785,0.2577941555443109,-0.05045288853198894,-0.03372944918175247,0.45849379797963563,0.18339751919185426,0.030531505360603815,-0.06848807828113253,2026-07-19T13:02:28+00:00
youtube,weighted_net,3,1D,all,16,0.5,0.4666666666666667,0.24809535365737387,0.698830199745016,0.00440928475964994,0.003487145051936924,0.023558461906470346,-0.014739892387170467,1.5982790978159054,1.5982790978159054,0.0032727334240547266,-0.0031168283301099553,1.715639230676659,1.5011843268420766,0.00410894012294364,0.00410894012294364,2026-07-19T13:02:28+00:00
youtube,weighted_net,3,1D,bull,16,0.5,0.4666666666666667,0.24809535365737387,0.698830199745016,0.00440928475964994,0.003487145051936924,0.023558461906470346,-0.014739892387170467,1.5982790978159054,1.5982790978159054,0.0032727334240547266,-0.0031168283301099553,1.715639230676659,1.5011843268420766,0.00410894012294364,0.00410894012294364,2026-07-19T13:02:28+00:00
youtube,weighted_net,3,20D,all,8,0.375,0.375,0.13684428582359742,0.6942576053973727,0.0024003828769931235,-0.03618551078667892,0.1395289929414274,-0.07987678316166744,1.7468028558314155,1.0480817134988492,-0.0017868506487573599,-0.04616109448354416,1.609575287847989,0.9657451727087935,0.08636955869772449,-0.09772860881589039,2026-07-19T13:02:28+00:00
youtube,weighted_net,3,20D,bull,8,0.375,0.375,0.13684428582359742,0.6942576053973727,0.0024003828769931235,-0.03618551078667892,0.1395289929414274,-0.07987678316166744,1.7468028558314155,1.0480817134988492,-0.0017868506487573599,-0.04616109448354416,1.609575287847989,0.9657451727087935,0.08636955869772449,-0.09772860881589039,2026-07-19T13:02:28+00:00
youtube,weighted_net,3,5D,all,16,0.5,0.4,0.1982449614134158,0.6425316987937539,-0.019269855881832075,-0.0038481089288857073,0.041662031229491,-0.08020174299315515,0.5194654090378892,0.5194654090378892,-0.025399056907780136,-0.012868577096555534,0.5857226018504711,0.39048173456698076,0.031216205493885367,-0.04962375008229314,2026-07-19T13:02:28+00:00
youtube,weighted_net,3,5D,bull,16,0.5,0.4,0.1982449614134158,0.6425316987937539,-0.019269855881832075,-0.0038481089288857073,0.041662031229491,-0.08020174299315515,0.5194654090378892,0.5194654090378892,-0.025399056907780136,-0.012868577096555534,0.5857226018504711,0.39048173456698076,0.031216205493885367,-0.04962375008229314,2026-07-19T13:02:28+00:00
youtube,weighted_net,3,60D,all,3,0.0,0.0,5.551115123125783e-17,0.5614970317550454,-0.19748355082938895,-0.18410695320797155,,-0.19748355082938895,,,-0.2038492539852971,-0.20468634689356735,,,0.07611774308808805,-0.21433696347727993,2026-07-19T13:02:28+00:00
youtube,weighted_net,3,60D,bull,3,0.0,0.0,5.551115123125783e-17,0.5614970317550454,-0.19748355082938895,-0.18410695320797155,,-0.19748355082938895,,,-0.2038492539852971,-0.20468634689356735,,,0.07611774308808805,-0.21433696347727993,2026-07-19T13:02:28+00:00
youtube,weighted_net,3,90D,all,3,0.0,0.0,5.551115123125783e-17,0.5614970317550454,-0.1551452414749951,-0.19808983291332238,,-0.1551452414749951,,,-0.16460111981145684,-0.19440155449271557,,,0.07611774308808805,-0.279336037309199,2026-07-19T13:02:28+00:00
youtube,weighted_net,3,90D,bull,3,0.0,0.0,5.551115123125783e-17,0.5614970317550454,-0.1551452414749951,-0.19808983291332238,,-0.1551452414749951,,,-0.16460111981145684,-0.19440155449271557,,,0.07611774308808805,-0.279336037309199,2026-07-19T13:02:28+00:00
youtube,weighted_net,7,1D,all,17,0.4117647058823529,0.4117647058823529,0.2161105679021481,0.6399455735700021,-0.006409973751177356,-0.003055095277547659,0.023533388495066525,-0.02737032732354807,0.8598139224597277,0.6018697457218093,-0.005127715657995785,-0.0038874953213896557,0.8825984038028932,0.6178188826620252,-0.005127715657995785,-0.005127715657995785,2026-07-19T13:02:28+00:00
youtube,weighted_net,7,1D,bull,17,0.4117647058823529,0.4117647058823529,0.2161105679021481,0.6399455735700021,-0.006409973751177356,-0.003055095277547659,0.023533388495066525,-0.02737032732354807,0.8598139224597277,0.6018697457218093,-0.005127715657995785,-0.0038874953213896557,0.8825984038028932,0.6178188826620252,-0.005127715657995785,-0.005127715657995785,2026-07-19T13:02:28+00:00
youtube,weighted_net,7,20D,all,10,0.3,0.3,0.10779126740630099,0.6032218525388546,-0.00138131018733747,-0.016508082444659844,0.1395289929414274,-0.06177144009966527,2.258794561310276,0.9680548119901182,-0.004325877986124671,-0.014481987335593915,2.107154649949216,0.9030662785496641,0.07008247358368319,-0.1054129178460768,2026-07-19T13:02:28+00:00
youtube,weighted_net,7,20D,bull,10,0.3,0.3,0.10779126740630099,0.6032218525388546,-0.00138131018733747,-0.016508082444659844,0.1395289929414274,-0.06177144009966527,2.258794561310276,0.9680548119901182,-0.004325877986124671,-0.014481987335593915,2.107154649949216,0.9030662785496641,0.07008247358368319,-0.1054129178460768,2026-07-19T13:02:28+00:00
youtube,weighted_net,7,5D,all,17,0.47058823529411764,0.4117647058823529,0.2161105679021481,0.6399455735700021,-0.01773305566147964,-0.003799574832385688,0.040563412189250636,-0.0695521381954621,0.5832087012947818,0.5184077344842504,-0.020867767586075305,-0.012868577096555534,0.5936137609943076,0.4155296326960154,0.02493454263611555,-0.04996772905766178,2026-07-19T13:02:28+00:00
youtube,weighted_net,7,5D,bull,17,0.47058823529411764,0.4117647058823529,0.2161105679021481,0.6399455735700021,-0.01773305566147964,-0.003799574832385688,0.040563412189250636,-0.0695521381954621,0.5832087012947818,0.5184077344842504,-0.020867767586075305,-0.012868577096555534,0.5936137609943076,0.4155296326960154,0.02493454263611555,-0.04996772905766178,2026-07-19T13:02:28+00:00
youtube,weighted_net,7,60D,all,4,0.0,0.0,0.0,0.4898908364545973,-0.1743336270239785,-0.17783099084553083,,-0.1743336270239785,,,-0.18935995045450055,-0.17565068489104352,,,0.07848713261125348,-0.20240809696969644,2026-07-19T13:02:28+00:00
youtube,weighted_net,7,60D,bull,4,0.0,0.0,0.0,0.4898908364545973,-0.1743336270239785,-0.17783099084553083,,-0.1743336270239785,,,-0.18935995045450055,-0.17565068489104352,,,0.07848713261125348,-0.20240809696969644,2026-07-19T13:02:28+00:00
youtube,weighted_net,7,90D,all,4,0.0,0.0,0.0,0.4898908364545973,-0.16046806179281733,-0.18726317782980323,,-0.16046806179281733,,,-0.18617371719541348,-0.2226465319199995,,,0.07848713261125348,-0.2722249053187201,2026-07-19T13:02:28+00:00
youtube,weighted_net,7,90D,bull,4,0.0,0.0,0.0,0.4898908364545973,-0.16046806179281733,-0.18726317782980323,,-0.16046806179281733,,,-0.18617371719541348,-0.2226465319199995,,,0.07848713261125348,-0.2722249053187201,2026-07-19T13:02:28+00:00
youtube,weighted_net,30,1D,all,18,0.5,0.4444444444444444,0.24559518127005633,0.6628358435795723,-0.0035208900281799263,-0.003163124489867386,0.029834939694649343,-0.036876719751009195,0.8090453786587908,0.8090453786587908,-0.004038192029156988,-0.006413113141064852,0.947437106153345,0.757949684922676,-0.004038192029156988,-0.004038192029156988,2026-07-19T13:02:28+00:00
youtube,weighted_net,30,1D,bull,18,0.5,0.4444444444444444,0.24559518127005633,0.6628358435795723,-0.0035208900281799263,-0.003163124489867386,0.029834939694649343,-0.036876719751009195,0.8090453786587908,0.8090453786587908,-0.004038192029156988,-0.006413113141064852,0.947437106153345,0.757949684922676,-0.004038192029156988,-0.004038192029156988,2026-07-19T13:02:28+00:00
youtube,weighted_net,30,20D,all,13,0.38461538461538464,0.3076923076923077,0.12680703655710515,0.5763065681945096,0.03996450366456767,-0.005775275970465565,0.19918319929605116,-0.05954718110510951,3.344964372779689,2.090602732987305,0.020807768791547134,-0.021126317095486735,3.3337578472798297,1.481670154346591,0.1146001309499089,-0.08424583174607243,2026-07-19T13:02:28+00:00
youtube,weighted_net,30,20D,bull,13,0.38461538461538464,0.3076923076923077,0.12680703655710515,0.5763065681945096,0.03996450366456767,-0.005775275970465565,0.19918319929605116,-0.05954718110510951,3.344964372779689,2.090602732987305,0.020807768791547134,-0.021126317095486735,3.3337578472798297,1.481670154346591,0.1146001309499089,-0.08424583174607243,2026-07-19T13:02:28+00:00
youtube,weighted_net,30,5D,all,18,0.7222222222222222,0.7222222222222222,0.4912734343970254,0.8750024662044601,0.02088084607669611,0.026055526098683113,0.06151307988185103,-0.08476296181670669,0.7257070607663318,1.886838357992463,0.01310587956535163,0.013145564028179901,0.6078592689738914,1.5804340993321178,0.04468647082420582,-0.04145334768646839,2026-07-19T13:02:28+00:00
youtube,weighted_net,30,5D,bull,18,0.7222222222222222,0.7222222222222222,0.4912734343970254,0.8750024662044601,0.02088084607669611,0.026055526098683113,0.06151307988185103,-0.08476296181670669,0.7257070607663318,1.886838357992463,0.01310587956535163,0.013145564028179901,0.6078592689738914,1.5804340993321178,0.04468647082420582,-0.04145334768646839,2026-07-19T13:02:28+00:00
youtube,weighted_net,30,60D,all,6,0.16666666666666666,0.16666666666666666,0.030053369748306635,0.5635028221864702,-0.1266595807374857,-0.13821944204541864,0.0951346406723459,-0.17101842501945203,0.5562829891663723,0.11125659783327448,-0.15340181524138025,-0.14625353137531527,0.37466223274702093,0.07493244654940419,0.06176002277510212,-0.2075712456131742,2026-07-19T13:02:28+00:00
youtube,weighted_net,30,60D,bull,6,0.16666666666666666,0.16666666666666666,0.030053369748306635,0.5635028221864702,-0.1266595807374857,-0.13821944204541864,0.0951346406723459,-0.17101842501945203,0.5562829891663723,0.11125659783327448,-0.15340181524138025,-0.14625353137531527,0.37466223274702093,0.07493244654940419,0.06176002277510212,-0.2075712456131742,2026-07-19T13:02:28+00:00
youtube,weighted_net,30,90D,all,5,0.2,0.2,0.03622410863243014,0.6244653702374747,-0.19281053168205858,-0.19808983291332238,0.018237950946200954,-0.24557265233912345,0.07426702758829702,0.018566756897074255,-0.21056034532707946,-0.25089150934728344,0.11910832311090856,0.02977708077772714,0.05692196599632175,-0.2594448985215448,2026-07-19T13:02:28+00:00
youtube,weighted_net,30,90D,bull,5,0.2,0.2,0.03622410863243014,0.6244653702374747,-0.19281053168205858,-0.19808983291332238,0.018237950946200954,-0.24557265233912345,0.07426702758829702,0.018566756897074255,-0.21056034532707946,-0.25089150934728344,0.11910832311090856,0.02977708077772714,0.05692196599632175,-0.2594448985215448,2026-07-19T13:02:28+00:00
youtube,weighted_net,90,1D,all,16,0.5,0.4375,0.23098652405492354,0.6682144360118811,0.002535576874367826,-0.0011408508058817213,0.027930353878962588,-0.022859200130226937,1.2218430093724066,1.2218430093724066,0.0010542276029484252,-0.003535378905754727,1.4236428856635623,1.1072777999605483,0.0010542276029484252,0.0010542276029484252,2026-07-19T13:02:28+00:00
youtube,weighted_net,90,1D,bull,16,0.5,0.4375,0.23098652405492354,0.6682144360118811,0.002535576874367826,-0.0011408508058817213,0.027930353878962588,-0.022859200130226937,1.2218430093724066,1.2218430093724066,0.0010542276029484252,-0.003535378905754727,1.4236428856635623,1.1072777999605483,0.0010542276029484252,0.0010542276029484252,2026-07-19T13:02:28+00:00
youtube,weighted_net,90,20D,all,11,0.5454545454545454,0.45454545454545453,0.21271271622459764,0.719908462590678,0.08291969148670932,0.007783543365455836,0.20056763008132591,-0.05825783482683058,3.4427580543888445,4.131309665266613,0.07310199437113318,-0.010079788230395792,4.970530204667754,4.142108503889795,0.12262112843858636,-0.06477439181510303,2026-07-19T13:02:28+00:00
youtube,weighted_net,90,20D,bull,11,0.5454545454545454,0.45454545454545453,0.21271271622459764,0.719908462590678,0.08291969148670932,0.007783543365455836,0.20056763008132591,-0.05825783482683058,3.4427580543888445,4.131309665266613,0.07310199437113318,-0.010079788230395792,4.970530204667754,4.142108503889795,0.12262112843858636,-0.06477439181510303,2026-07-19T13:02:28+00:00
youtube,weighted_net,90,5D,all,16,0.8125,0.8125,0.5699111903802586,0.9340840092857187,0.035346893905197116,0.035937121253726945,0.07105232003460352,-0.1193766193222306,0.5951946071015263,2.57917663077328,0.02659955463232893,0.017311144753186736,0.5334952987461504,2.3118129612333185,0.05449667927458972,-0.042251606272607094,2026-07-19T13:02:28+00:00
youtube,weighted_net,90,5D,bull,16,0.8125,0.8125,0.5699111903802586,0.9340840092857187,0.035346893905197116,0.035937121253726945,0.07105232003460352,-0.1193766193222306,0.5951946071015263,2.57917663077328,0.02659955463232893,0.017311144753186736,0.5334952987461504,2.3118129612333185,0.05449667927458972,-0.042251606272607094,2026-07-19T13:02:28+00:00
youtube,weighted_net,90,60D,all,5,0.4,0.4,0.11762077423264783,0.769275718723987,-0.06620841561551216,-0.03520582983446752,0.13281868718508605,-0.19889315081591097,0.6677891452784048,0.44519276351893655,-0.10014970703239763,-0.05578522352006332,0.36416544661039274,0.24277696440692847,0.08545926384892119,-0.15064661197963775,2026-07-19T13:02:28+00:00
youtube,weighted_net,90,60D,bull,5,0.4,0.4,0.11762077423264783,0.769275718723987,-0.06620841561551216,-0.03520582983446752,0.13281868718508605,-0.19889315081591097,0.6677891452784048,0.44519276351893655,-0.10014970703239763,-0.05578522352006332,0.36416544661039274,0.24277696440692847,0.08545926384892119,-0.15064661197963775,2026-07-19T13:02:28+00:00
youtube,weighted_net,90,90D,all,5,0.4,0.2,0.03622410863243014,0.6244653702374747,-0.13831623837213078,-0.16352975242507606,0.03985640713065475,-0.25709800204065447,0.1550241807182629,0.10334945381217528,-0.1429019492572539,-0.1494561990397958,0.1730615153479042,0.04326537883697605,0.09755219187322313,-0.19757533391568824,2026-07-19T13:02:28+00:00
youtube,weighted_net,90,90D,bull,5,0.4,0.2,0.03622410863243014,0.6244653702374747,-0.13831623837213078,-0.16352975242507606,0.03985640713065475,-0.25709800204065447,0.1550241807182629,0.10334945381217528,-0.1429019492572539,-0.1494561990397958,0.1730615153479042,0.04326537883697605,0.09755219187322313,-0.19757533391568824,2026-07-19T13:02:28+00:00
