ticker,signal_day,direction,indicators,entry_day,entry_price,top_net,top_author_net,top_authors,bottom_authors,1D_exit_day,1D_return_pct,1D_excess_pct,1D_status,5D_exit_day,5D_return_pct,5D_excess_pct,5D_status,20D_exit_day,20D_return_pct,20D_excess_pct,20D_status,evidence
AAPL,2025-09-22,bull,author_net+weighted_net,2025-09-23,255.875,4.504859378095703,2,2,1,2025-09-23,-0.005647288715192933,-0.00038270988149968765,settled,2025-09-29,-0.005647288715192933,-0.001087653486011142,settled,2025-10-20,0.02487542745481197,0.018005977010847607,settled,[x] alshfaw rank 4/36 bull: 认为市场将上行，AAPL上涨是趋势，短期波动不改牛市格局，强调不应做空。 https://twitter.com/777152191425642496/status/1970166616986992943 || [x] tradertvshawn rank 1/36 bull: 苹果股价在245-246区间做多，看好iPhone需求和Loeb评论，目标价250美元，短期交易。 https://twitter.com/1163506552323629056/status/1970113361267314796 || [x] alshfaw rank 4/36 bull: 认为市场将上行，AAPL上涨是趋势，短期波动不改牛市格局，强调不应做空。 https://twitter.com/777152191425642496/status/1970166616986992943 || [x] tradertvshawn rank 1/36 bull: 若苹果股价跌破244.50美元，将平仓多头头寸，此前已将其列为今日重点交易标的。 https://twitter.com/1163506552323629056/status/1969078894708785565 || [x] tradertvshawn rank 1/36 bull: 苹果股价在245-246区间做多，看好iPhone需求和Loeb评论，目标价250美元，短期交易。 https://twitter.com/1163506552323629056/status/1970113361267314796
AAPL,2025-09-30,bull,author_net+weighted_net,2025-10-01,255.04,2.402185356573256,2,2,0,2025-10-01,0.0016075909661228405,-0.006354168462078258,settled,2025-10-07,0.005646173149310041,-0.0033258852972422037,settled,2025-10-28,0.05473651191969897,0.018712566325055136,settled,[x] d_pavlos rank 3/43 bull: $AAPL 在 $256.50 关键阻力位下方整理，若突破将看涨至 $261.00，支撑位为 $252.64 和 $250.00。 https://twitter.com/728291846/status/1972877250417643801 || [x] tradertvshawn rank 1/40 bull: 关注苹果（AAPL）在29美元附近的潜在买入机会，基于近期投资动向和市场情绪。 https://twitter.com/1163506552323629056/status/1971197185808126271
AAPL,2025-10-20,bull,author_net+weighted_net,2025-10-21,261.88,5.4506696055446175,3,3,0,2025-10-21,0.003398503131205155,0.003621903583963526,settled,2025-10-27,0.026462501909271463,0.005909660255512428,settled,2025-11-17,0.021307469069802965,0.029900939819237138,settled,[x] AnthonySandford rank 2/52 bull: 苹果（AAPL）在周五期权净看涨溢价中排名第五，显示看涨情绪，结合科技股整体风险偏好回升，暗示短期 bullish 动能。 https://twitter.com/1414666657/status/1980008343742628260 || [x] d_pavlos rank 3/49 bull: $AAPL当前在249.34附近盘整，若突破251.10将有望上探257，关键支撑位为246.50。 https://twitter.com/728291846/status/1978712669872877918 || [x] tradertvshawn rank 1/52 bull: 苹果股价看涨，目标价260美元，基于iPhone 17表现强劲及价格上调预期，短期交易窗口在5天内。 https://twitter.com/1163506552323629056/status/1980257987643236464 || [x] AnthonySandford rank 2/52 bull: 苹果（AAPL）在周五期权净看涨溢价中排名第五，显示看涨情绪，结合科技股整体风险偏好回升，暗示短期 bullish 动能。 https://twitter.com/1414666657/status/1980008343742628260 || [x] d_pavlos rank 2/49 bull: $AAPL收盘247.66，盘整于阻力位259.24下方，突破该区有望上探270–298，建议等待更优风险回报的入场机会。 https://twitter.com/728291846/status/1977970913569132557 || [x] d_pavlos rank 3/49 bull: $AAPL当前在249.34附近盘整，若突破251.10将有望上探257，关键支撑位为246.50。 https://twitter.com/728291846/status/1978712669872877918 || [x] tradertvshawn rank 1/52 bull: 苹果股价看涨，目标价260美元，基于iPhone 17表现强劲及价格上调预期，短期交易窗口在5天内。 https://twitter.com/1163506552323629056/status/1980257987643236464
AAPL,2025-11-05,bull,weighted_net,2025-11-06,267.89,0.7731973319876881,1,3,0,2025-11-06,0.0070178058158199,0.016123900690685145,settled,2025-11-12,0.020829444921423024,0.010614653430299992,settled,2025-12-04,0.04781813430885817,0.03611029804117449,settled,[x] AnthonySandford rank 2/65 bear: AAPL 被列为当日主要空头标的，显示市场对其短期看跌情绪，尽管整体市场偏多。 https://twitter.com/1414666657/status/1984273418800243086 || [x] EliteOptions2 rank 7/65 bull: AAPL earnings drove SPX高开，若SPX能收复6850并持稳，有望再探6900。若跌破6800则可能下探6740。$AAPL本身未直接给出目标，但市场情绪偏多，暗示潜在上涨动能。 https://twitter.com/1018324467758465024/status/1984047707577561177 || [x] d_pavlos rank 4/73 bull: 苹果股价在270附近小幅收高，若突破272.84-275.16阻力区将转为看涨，目标价275.16。 https://twitter.com/728291846/status/1985957058261234124
AAPL,2025-11-11,bull,author_net+weighted_net,2025-11-12,275.0,2.4895835139159597,2,2,0,2025-11-12,-0.005563636363636215,-0.0035046109689896854,settled,2025-11-18,-0.02749090909090912,0.00859314587484672,settled,2025-12-10,0.013745454545454505,0.009685815824094446,settled,[x] AnthonySandford rank 5/80 bull: $AAPL位列看涨资金流入前五，显示市场对其有潜在 bullish 倾向，尽管整体情绪中性偏谨慎。 https://twitter.com/1414666657/status/1988319709419188616 || [x] d_pavlos rank 4/73 bull: 苹果股价在270附近小幅收高，若突破272.84-275.16阻力区将转为看涨，目标价275.16。 https://twitter.com/728291846/status/1985957058261234124
AAPL,2025-11-17,bull,author_net+weighted_net,2025-11-18,269.99,2.4841406565546578,2,2,2,2025-11-18,-0.009444794251639022,-0.006401424342487028,settled,2025-11-24,0.02196377643616443,0.011942555916450548,settled,2025-12-16,0.017111744879440005,-0.008224498408909708,settled,[x] AnthonySandford rank 5/80 bull: $AAPL位列看涨资金流入前五，显示市场对其有潜在 bullish 倾向，尽管整体情绪中性偏谨慎。 https://twitter.com/1414666657/status/1988319709419188616 || [x] d_pavlos rank 4/85 bull: $AAPL 有望突破277.32阻力位，目标价300美元，若失败则可能回落至265.29支撑区。 https://twitter.com/728291846/status/1989993390943998230
AAPL,2025-11-19,bull,author_net+weighted_net,2025-11-20,270.83,2.78963991979196,2,2,1,2025-11-20,-0.016910977365875213,0.013375390796286135,settled,2025-11-26,0.024812613078314838,0.014751832290393674,settled,2025-12-18,0.005021600265849413,-0.00026885462410630723,settled,[x] AnthonySandford rank 7/90 bull: $SPY 早盘强势上涨，看涨期权净流入达+7400万美元，OTM看涨期权也呈正向，显示市场对持续上涨有强烈信心。$AAPL位列看涨流前茅，暗示短期 bullish 动能。 https://twitter.com/1414666657/status/1991159181970202964 || [x] d_pavlos rank 4/85 bull: $AAPL 有望突破277.32阻力位，目标价300美元，若失败则可能回落至265.29支撑区。 https://twitter.com/728291846/status/1989993390943998230
AAPL,2025-12-08,bull,author_net+weighted_net,2025-12-09,278.16,3.6276935566433015,2,2,1,2025-12-09,-0.003523152142651753,-0.0033621333327271685,settled,2025-12-15,-0.01455996548748928,-0.011017551669147863,settled,2026-01-07,-0.06409979867702054,-0.07351208002079568,settled,[x] Yam_Trades rank 9/116 bull: Post中明确提及$AAPL Jan2027 Buy 1050x300C，表明看涨期权买入，隐含对苹果股价在2027年1月前上涨至300美元以上的预期，属于长期看涨信号。 https://twitter.com/1509949361303654400/status/1997349421768708428 || [x] d_pavlos rank 4/108 bull: $AAPL突破283阻力，看涨至300，回调支撑位277-274。 https://twitter.com/728291846/status/1995981272011997583 || [x] Yam_Trades rank 9/116 bull: Post中明确提及$AAPL Jan2027 Buy 1050x300C，表明看涨期权买入，隐含对苹果股价在2027年1月前上涨至300美元以上的预期，属于长期看涨信号。 https://twitter.com/1509949361303654400/status/1997349421768708428 || [x] d_pavlos rank 4/108 bull: $AAPL突破277阻力位，目标指向288和300心理关口，技术面显示看涨势头强劲。 https://twitter.com/728291846/status/1995755565381816364 || [x] d_pavlos rank 4/108 bull: $AAPL突破283阻力，看涨至300，回调支撑位277-274。 https://twitter.com/728291846/status/1995981272011997583
AAPL,2025-12-11,bull,weighted_net,2025-12-12,277.9,1.454650687324003,0,2,0,2025-12-12,0.00136739834472821,0.010681957247324902,settled,2025-12-18,-0.020546959337891302,-0.003545346364352886,settled,2026-01-12,-0.06351205469593368,-0.07366942860063752,settled,[x] AnthonySandford rank 4/117 bull: 共和党议员Rich McCormick大量买入苹果（AAPL）等多只蓝筹股，显示长期配置意图，构成看涨信号。 https://twitter.com/1414666657/status/1999100399618289833 || [x] AnthonySandford rank 4/117 bear: 苹果（AAPL）275美元看跌期权出现高 ask-side 交易量和未平仓合约增加，显示机构买家积极建仓，暗示短期下行压力。 https://twitter.com/1414666657/status/1999187192174743686 || [x] Yam_Trades rank 9/116 bull: Post中明确提及$AAPL Jan2027 Buy 1050x300C，表明看涨期权买入，隐含对苹果股价在2027年1月前上涨至300美元以上的预期，属于长期看涨信号。 https://twitter.com/1509949361303654400/status/1997349421768708428
AAPL,2026-01-09,bull,author_net+weighted_net,2026-01-12,259.16,2.553215738518407,2,2,0,2026-01-12,0.004205895971600482,-0.0022804652955565885,settled,2026-01-16,-0.014006791171477184,-0.015425682698667842,settled,2026-02-09,0.05965426763389403,0.054919803048268045,settled,[x] AnthonySandford rank 9/150 bull: SPY当前处于强劲看涨趋势，期权溢价结构显示机构持续买入看涨期权，尽管存在对冲性看跌期权，但整体结构支持上涨延续。目标位694.0。 https://twitter.com/1414666657/status/2009649282484175171 || [x] d_pavlos rank 5/142 bull: 苹果股价回调至266-270支撑区，若能回升至270以上将恢复上涨动能，当前趋势仍偏建设性。 https://twitter.com/728291846/status/2008295235055743085
AAPL,2026-01-27,bull,author_net+weighted_net,2026-01-28,257.65,2.7905336093010797,2,2,0,2026-01-28,-0.004696293421307951,-0.002357867196503438,settled,2026-02-03,0.04591500097030865,0.05670332318535776,settled,2026-02-25,0.06435086357461683,0.06994587110635775,settled,[x] spacemnke rank 12/171 bull: 科技股领涨，苹果等巨头财报前市场预期乐观，若业绩强劲将推动上涨。 https://twitter.com/1208832562455552003/status/2016105912004497431 || [x] tradertvshawn rank 10/171 bull: 苹果股价在256-257区间做多，因 earnings 前技术形态良好，回调即为买入机会。 https://twitter.com/1163506552323629056/status/2016145864599719959
AAPL,2026-02-09,bull,author_net+weighted_net,2026-02-10,274.885,4.1506784758499276,3,3,1,2026-02-10,-0.004383651345107875,-0.00031141593248817934,settled,2026-02-17,-0.040034923695363545,-0.02262359913964007,settled,2026-03-10,-0.05113047274314719,-0.02556028783775821,settled,[x] AnthonySandford rank 16/186 bull: $AAPL因大额看涨期权买入而上涨，鲸鱼交易者持仓未平仓，显示强劲看涨信号，预计短期内继续走强。 https://twitter.com/1414666657/status/2018489850517664161 || [x] d_pavlos rank 3/195 bull: 苹果股价需守住277以上以维持上涨动能，突破280上方有望继续上行至285附近。 https://twitter.com/728291846/status/2020585462448976112 || [x] spacemnke rank 7/195 bull: 苹果股价每回调均被买入，预计281美元将触发冲高至历史高位。 https://twitter.com/1208832562455552003/status/2020176861259526362
AAPL,2026-04-07,bull,author_net+weighted_net,2026-04-08,258.45,3.007035232131855,2,2,0,2026-04-08,0.0017411491584444772,0.002302955217079239,settled,2026-04-14,0.0014703037337975289,-0.025245052791284195,settled,2026-05-05,0.09955503965950863,0.029506694769726005,settled,[x] GDXTrader rank 14/259 bull: 帖子提及AAPL，基于价格行为中的流动性捕捉策略，建议等待突破后回踩确认再做多，隐含看涨方向，时间框架为20天。 https://twitter.com/175792847/status/2041574633783107669 || [x] spacemnke rank 2/257 bull: 市场因特朗普 press conference 和停火谈判预期呈现科技股主导的局部风险偏好，AI基础设施需求强劲，消费者韧性支撑，预计短期科技股继续领涨。 https://twitter.com/1208832562455552003/status/2041112250354725375
AAPL,2026-04-27,bull,author_net+weighted_net,2026-04-28,272.335,3.815373031606316,2,2,0,2026-04-28,-0.0059669157471496925,-0.0057913083210628935,settled,2026-05-04,0.016505406943653878,0.007802302906790404,settled,2026-05-26,0.1321717737345549,0.07769835016241888,settled,[x] d_pavlos rank 3/300 bull: 苹果即将发布财报，预计营收和盈利超预期，iPhone与服务业务表现强劲，尽管存在关税和供应链压力，但市场情绪偏多，期权出现异常看跌持仓。 https://twitter.com/728291846/status/2048656464206537124 || [x] spacemnke rank 1/300 bull: 苹果（AAPL）突破日线趋势线后回落，因周四财报临近，若反应强劲，300美元为潜在目标价，5日内有望上涨。 https://twitter.com/1208832562455552003/status/2048103253158535261
AAPL,2026-05-08,bull,author_net,2026-05-11,291.979,3.849120421235929,2,2,0,2026-05-11,0.0024008575959231226,-0.0014690588953525374,settled,2026-05-15,0.02825888163189827,0.024565487647242312,settled,2026-06-08,0.0327455056699284,0.028984218413495633,settled,[x] EliteOptions2 rank 21/317 bull: 苹果股价若守住288美元，本月有望涨至300美元。 https://twitter.com/1018324467758465024/status/2052372894051615185 || [x] spacemnke rank 2/314 bull: AAPL 被拒于高位，突破288.62将开启延续走势，跌破280则可能回补缺口。 https://twitter.com/1208832562455552003/status/2051013963882885258
AAPL,2026-05-13,bull,author_net,2026-05-14,299.82,4.011420324112848,2,4,0,2026-05-14,-0.005369888599826567,-0.011448016751510748,settled,2026-05-20,0.0081048629177507,0.011332187600060939,settled,2026-06-11,-0.013975051697685315,-0.006054659039849031,settled,[x] EliteOptions2 rank 21/317 bull: 苹果股价若守住288美元，本月有望涨至300美元。 https://twitter.com/1018324467758465024/status/2052372894051615185 || [x] GDXTrader rank 32/320 bear: 基于海金阿希蜡烛与超趋势指标的看跌交易策略，强调在趋势反转时入场并设置止损，适用于短期（5天内）空头操作。 https://twitter.com/175792847/status/2053033814029488173 || [x] spacemnke rank 1/320 bull: 苹果股价接近300美元，若突破将开启10-20点上涨空间，技术面显示看涨趋势延续。 https://twitter.com/1208832562455552003/status/2053517603314761808 || [x] twinsight_x rank 27/325 bull: $AAPL 5/15 300C 上破 295.30 可做多，目标价 300，短期交易。 https://twitter.com/427693716/status/2054545019869057281
AAPL,2026-05-18,bull,author_net,2026-05-19,296.97,3.8515199999999994,2,2,1,2026-05-19,0.006734687005421458,0.008163686161631434,settled,2026-05-26,0.03825302219079352,0.016736377753002518,settled,2026-06-16,0.007643869751153165,-0.013518927276528592,settled,[x] spacemnke rank 1/331 bull: AAPL突破新高，只要9日均线保持，趋势健康，有望延续上涨。 https://twitter.com/1208832562455552003/status/2056055269335921029 || [x] twinsight_x rank 27/325 bull: $AAPL 5/15 300C 上破 295.30 可做多，目标价 300，短期交易。 https://twitter.com/427693716/status/2054545019869057281
AAPL,2026-05-22,bull,author_net+weighted_net,2026-05-26,309.56,3.8515199999999994,2,2,1,2026-05-26,-0.003973381573846857,-0.004746704596206519,settled,2026-06-01,-0.010498772451221106,-0.021871954142131944,settled,2026-06-23,-0.04929577464788726,-0.02738940006621504,settled,[x] spacemnke rank 1/331 bull: AAPL突破新高，只要9日均线保持，趋势健康，有望延续上涨。 https://twitter.com/1208832562455552003/status/2056055269335921029 || [x] twinsight_x rank 28/349 bull: $AAPL 307.50C 上破 305/306 为看涨信号，目标未明确但隐含短期上行潜力 https://twitter.com/427693716/status/2057807988744692177
AAPL,2026-06-23,bull,author_net+weighted_net,2026-06-24,295.355,2.7553697662323646,2,2,1,2026-06-24,-0.007702595182069172,-0.0050773520410269946,settled,2026-06-30,-0.02029760796329838,-0.0360762714016869,settled,,,,pending,[x] JonEtrades rank 18/404 bull: $AAPL 有望在下周前触及$310，关注$290和$310关键价位 https://twitter.com/1590207789732724736/status/2069247904854979018 || [x] OptionsMike rank 18/402 bull: 特朗普宣布英伟达与苹果达成芯片制造协议，推动AAPL看涨，目标价83美元，5日内展望。 https://twitter.com/3376824064/status/2067546063481844115
AAPL,2026-06-26,bull,author_net+weighted_net,2026-06-29,286.73,2.5970590389859294,2,2,1,2026-06-29,-0.01740313186621567,-0.023478960928365766,settled,2026-07-10,0.09971052906915912,0.07469440605907796,settled,,,,pending,[x] JonEtrades rank 18/404 bull: $AAPL 有望在下周前触及$310，关注$290和$310关键价位 https://twitter.com/1590207789732724736/status/2069247904854979018 || [x] degentradingLSD rank 14/409 bull: 认为苹果因内存价格上涨和高端市场优势将受益，尽管短期承压，但长期看好。 https://twitter.com/998179257200164865/status/2070392216758210693
AAPL,2026-07-13,bull,author_net+weighted_net,2026-07-14,313.76,9.386103039447894,5,5,4,2026-07-14,0.003505864354921062,0.00228068424012684,settled,,,,pending,,,,pending,[x] AnthonySandford rank 11/456 bull: 苹果（AAPL）在期权流动中出现+73.44%的大幅上涨，作者强调通过真实交易数据教学，展示如何解读期权流、识别新开仓和管理风险，认为此动作为可信信号。 https://twitter.com/1414666657/status/2076397433005953203 || [x] Mr_Derivatives rank 28/456 bull: 苹果股价距离历史新高仅差1美元，表现出强劲走势，无视宏观和大盘影响。 https://twitter.com/958217615545049090/status/2076648286740738165 || [x] OptionsMike rank 22/456 bull: 苹果股价周五接近历史高位，随后被拉高收盘，技术形态显示有望突破历史新高，看涨。 https://twitter.com/3376824064/status/2076311145032429721 || [x] d_pavlos rank 6/456 bull: 不要恐慌。$SPY仍高于关键均线，科技股龙头如$AAPL、$MSFT、$AMZN表现强劲，这是轮动而非崩盘。真正的下跌才是买入领头羊的时机。目标价800，坚守741支撑。 https://twitter.com/728291846/status/2076708380375236636 || [x] spacemnke rank 4/456 bull: 苹果股价处于关键突破前的测试阶段，若站上317.4将打开320目标，技术面呈现看涨信号。 https://twitter.com/1208832562455552003/status/2075945812538921175 || [x] AnthonySandford rank 11/456 bull: 苹果（AAPL）在期权流动中出现+73.44%的大幅上涨，作者强调通过真实交易数据教学，展示如何解读期权流、识别新开仓和管理风险，认为此动作为可信信号。 https://twitter.com/1414666657/status/2076397433005953203 || [x] Mr_Derivatives rank 28/456 bull: 苹果股价距离历史新高仅差1美元，表现出强劲走势，无视宏观和大盘影响。 https://twitter.com/958217615545049090/status/2076648286740738165 || [x] OptionsMike rank 22/456 bull: 苹果股价在50日均线反弹后，目标价看至425，若突破415则进一步上行。 https://twitter.com/3376824064/status/2076308776538243384 || [x] OptionsMike rank 22/456 bull: 苹果股价周五接近历史高位，随后被拉高收盘，技术形态显示有望突破历史新高，看涨。 https://twitter.com/3376824064/status/2076311145032429721 || [x] d_pavlos rank 6/456 bull: 不要恐慌。$SPY仍高于关键均线，科技股龙头如$AAPL、$MSFT、$AMZN表现强劲，这是轮动而非崩盘。真正的下跌才是买入领头羊的时机。目标价800，坚守741支撑。 https://twitter.com/728291846/status/2076708380375236636 || [x] spacemnke rank 4/456 bull: 苹果股价处于关键突破前的测试阶段，若站上317.4将打开320目标，技术面呈现看涨信号。 https://twitter.com/1208832562455552003/status/2075945812538921175
MU,2025-10-29,bull,author_net+weighted_net,2025-10-30,226.10000000000002,1.0180274720939555,2,2,0,2025-10-30,-0.009243697478991786,-0.003292535028341148,settled,2025-11-05,0.05042016806722671,0.05966128518961289,settled,2025-11-26,0.01839893852277741,0.024569431284877208,settled,[x] AnthonySandford rank 2/58 bull: MU今日上涨4.5%，受半导体板块领涨和机构资金流入推动，市场情绪偏强，显示短期看涨动能。 https://twitter.com/1414666657/status/1981753745122681152 || [x] aleabitoreddit rank 7/62 bull: 基于机构资金流动和行业轮动，认为半导体板块（包括MU）将在年底至次年初受益于税损收割后的回补，具备看涨潜力。 https://twitter.com/1940360837547565056/status/1983399179759300943 || [x] AnthonySandford rank 2/55 bear: $MU 在期权流中被列为做空领头羊，净溢价流出约3500万美元，显示持续抛售压力，暗示短期看跌情绪。 https://twitter.com/1414666657/status/1981367586802507893 || [x] AnthonySandford rank 2/58 bull: MU今日上涨4.5%，受半导体板块领涨和机构资金流入推动，市场情绪偏强，显示短期看涨动能。 https://twitter.com/1414666657/status/1981753745122681152 || [x] aleabitoreddit rank 7/62 bull: 基于机构资金流动和行业轮动，认为半导体板块（包括MU）将在年底至次年初受益于税损收割后的回补，具备看涨潜力。 https://twitter.com/1940360837547565056/status/1983399179759300943
MU,2025-11-17,bull,author_net+weighted_net,2025-11-18,235.48,4.467418231801474,2,2,0,2025-11-18,-0.02964158314931198,-0.026598213240159985,settled,2025-11-24,-0.049048751486325703,-0.059069972006039584,settled,2025-12-16,-0.012612536096483828,-0.03794877938483354,settled,[x] AnthonySandford rank 3/85 bull: MU 被列为当前市场中表现强劲的标的之一，尽管整体市场情绪趋于谨慎，但其仍处于多头主导的温和上升趋势中，支撑位在671附近。 https://twitter.com/1414666657/status/1990441434026037722 || [x] EricJhonsa rank 1/85 bull: 认为美光（MU）当前处于周期底部，受AI驱动的内存需求持续增长，HBM4和NVDA Rubin Ultra等技术升级将带来长期利好，供应端受限于资本开支和出口管制，因此看好其未来60天以上表现。 https://twitter.com/572077039/status/1990437003452920189 || [x] AnthonySandford rank 3/84 bull: $MU 被列为当前看涨流前茅，受市场整体 bullish 氛围推动，预计短期上涨至670。 https://twitter.com/1414666657/status/1989348600841732513 || [x] AnthonySandford rank 3/84 bull: @unusual_whales 指出市场潮汐显示多头信号，MU 位列强势买入流中，支持日内看涨。 https://twitter.com/1414666657/status/1989364092499362036 || [x] AnthonySandford rank 3/85 bear: MU 2026年5月到期的220美元看跌期权大量买入，显示对 earnings 周期前的长期看跌押注或对冲行为，构成明确的熊市信号。 https://twitter.com/1414666657/status/1989485964800970940 || [x] AnthonySandford rank 3/85 bull: MU 被列为当前市场中表现强劲的标的之一，尽管整体市场情绪趋于谨慎，但其仍处于多头主导的温和上升趋势中，支撑位在671附近。 https://twitter.com/1414666657/status/1990441434026037722 || [x] EricJhonsa rank 1/85 bull: 认为美光（MU）当前处于周期底部，受AI驱动的内存需求持续增长，HBM4和NVDA Rubin Ultra等技术升级将带来长期利好，供应端受限于资本开支和出口管制，因此看好其未来60天以上表现。 https://twitter.com/572077039/status/1990437003452920189
MU,2025-11-21,bear,weighted_net,2025-11-24,213.41,-0.9275417681985252,1,3,1,2025-11-24,-0.0492947846867533,-0.04018041748640333,settled,2025-12-01,-0.12675132374303,-0.10022308278571979,settled,2025-12-22,-0.2960498570826109,-0.2626405706892747,settled,[x] AnthonySandford rank 3/85 bear: MU 2026年5月到期的220美元看跌期权大量买入，显示对 earnings 周期前的长期看跌押注或对冲行为，构成明确的熊市信号。 https://twitter.com/1414666657/status/1989485964800970940 || [x] AnthonySandford rank 3/85 bull: MU 被列为当前市场中表现强劲的标的之一，尽管整体市场情绪趋于谨慎，但其仍处于多头主导的温和上升趋势中，支撑位在671附近。 https://twitter.com/1414666657/status/1990441434026037722 || [x] EricJhonsa rank 1/85 bull: 认为美光（MU）当前处于周期底部，受AI驱动的内存需求持续增长，HBM4和NVDA Rubin Ultra等技术升级将带来长期利好，供应端受限于资本开支和出口管制，因此看好其未来60天以上表现。 https://twitter.com/572077039/status/1990437003452920189 || [x] tradertvshawn rank 2/90 bear: MU 231–232 空单，预期跌破230，基于近期疲软走势及NVDA会议日可能引发的波动。 https://twitter.com/1163506552323629056/status/1991144953393647835
MU,2025-12-23,bull,author_net+weighted_net,2025-12-24,278.0,2.634821174214854,2,2,2,2025-12-24,0.031223021582733823,0.027690788135535715,settled,2025-12-31,0.026654676258992982,0.03541984814648491,settled,2026-01-23,0.4375899280575539,0.43572932772322726,settled,[x] EliteOptions2 rank 10/132 bull: MU预计在守住270支撑后，有望在1月上涨至300，建议关注270支撑位及280看涨期权表现。 https://twitter.com/1018324467758465024/status/2003269357397328302 || [x] Tradr_G rank 6/132 bull: MU今日跳空上涨，此前回调后反弹，目标价3000美元，看好5日内继续走强 https://twitter.com/1304970409662509057/status/2003278203683823792
MU,2026-01-09,bull,author_net+weighted_net,2026-01-12,340.55,1.557541763549927,2,2,1,2026-01-12,0.015621788283658677,0.009135427016501607,settled,2026-01-16,0.0651886653942153,0.06376977386702465,settled,2026-02-09,0.12611951255322262,0.12138504796759664,settled,[x] AnthonySandford rank 9/150 bull: $MU 被列为强势上涨标的，基于期权溢价结构和市场趋势，预期短期突破至694.0 https://twitter.com/1414666657/status/2009649282484175171 || [x] EliteOptions2 rank 11/146 bull: MU预计突破后上涨至350，目标370-375，基于技术突破和期权策略。 https://twitter.com/1018324467758465024/status/2008705174785716490 || [x] AnthonySandford rank 9/142 bear: MU被列为看跌净影响前五，暗示短期下行压力，基于市场情绪与期权流分析。 https://twitter.com/1414666657/status/2008198578796417463 || [x] AnthonySandford rank 9/150 bull: $MU 被列为强势上涨标的，基于期权溢价结构和市场趋势，预期短期突破至694.0 https://twitter.com/1414666657/status/2009649282484175171 || [x] EliteOptions2 rank 11/146 bull: MU预计突破后上涨至350，目标370-375，基于技术突破和期权策略。 https://twitter.com/1018324467758465024/status/2008705174785716490
MU,2026-01-29,bull,author_net+weighted_net,2026-01-30,446.465,5.094709542000095,2,2,0,2026-01-30,-0.07074462723841735,-0.07100482180613299,settled,2026-02-05,-0.14239638045535485,-0.12191328587462957,settled,2026-02-27,-0.07636656848801127,-0.06798252130606308,settled,[x] spacemnke rank 12/175 bull: AI基础设施需求上升，存储与内存板块受利好，美光（MU）受益于AI数据中心建设，短期看涨。 https://twitter.com/1208832562455552003/status/2016831963768795173 || [x] wey_how12640 rank 9/175 bull: MU被列为核心持仓，权重约50%，在两年牛市中持续表现强劲，强调顺势而为、聚焦主题的策略，看好其长期趋势。 https://twitter.com/1707559719215489024/status/2016680315834745059 || [x] spacemnke rank 12/175 bull: AI基础设施需求上升，存储与内存板块受利好，美光（MU）受益于AI数据中心建设，短期看涨。 https://twitter.com/1208832562455552003/status/2016831963768795173 || [x] wey_how12640 rank 8/168 bull: MU从周期性业务转向结构性AI需求，实现估值重估。基于NVDA和AMAT的历史类比，预计未来20天内可能再涨100%至795美元。 https://twitter.com/1707559719215489024/status/2014535526725149182 || [x] wey_how12640 rank 9/174 bull: 持有MU近50%仓位，目标为2/3持仓交易+1/3波段操作，等待合适时机卖出波段部分，整体持乐观态度。 https://twitter.com/1707559719215489024/status/2016336252547825837 || [x] wey_how12640 rank 9/175 bull: MU被列为核心持仓，权重约50%，在两年牛市中持续表现强劲，强调顺势而为、聚焦主题的策略，看好其长期趋势。 https://twitter.com/1707559719215489024/status/2016680315834745059
MU,2026-02-04,bear,author_net,2026-02-05,369.62,2.568129267004582,-2,2,2,2026-02-05,-0.035901736918997784,-0.040777350042033644,settled,2026-02-11,-0.11016719874465664,-0.09398368771578491,settled,2026-03-05,-0.07421135219955621,-0.07366798567680832,settled,[x] spacemnke rank 19/181 bear: MU面临风险规避情绪压力，AI存储板块在高位承压，若标普跌破6900将加剧抛售。 https://twitter.com/1208832562455552003/status/2018287037351133285 || [x] wey_how12640 rank 2/190 bear: MU当前持仓过重，计划1/3减仓，硬止损位设在398.60美元，基于多项技术指标（如斐波那契扩展、10日均线、波动率等）判断短期回调风险，虽长期看涨但坚持执行减仓纪律。 https://twitter.com/1707559719215489024/status/2019061523260604732
MU,2026-02-09,bull,author_net+weighted_net,2026-02-10,375.99000000000007,6.381073877069909,2,2,1,2026-02-10,-0.007287427857123996,-0.0032151924445043,settled,2026-02-17,0.06327295938721744,0.08068428394294092,settled,2026-03-10,0.07212957791430608,0.09769976281969506,settled,[x] d_pavlos rank 3/195 bull: 美光科技（MU）在回调后仍保持建设性动量，守住384–400区间即维持看涨结构，突破400将开启上行延伸。 https://twitter.com/728291846/status/2020585462448976112 || [x] wey_how12640 rank 4/195 bull: 持有MU约30%仓位，认为其在21日均线附近有支撑，因市场传言不实而更坚定了看涨立场，计划长期持有剩余头寸。 https://twitter.com/1707559719215489024/status/2019931291106636234 || [x] d_pavlos rank 3/195 bull: 美光科技（MU）在回调后仍保持建设性动量，守住384–400区间即维持看涨结构，突破400将开启上行延伸。 https://twitter.com/728291846/status/2020585462448976112 || [x] wey_how12640 rank 2/190 bull: MU 被视为光学超级周期的一部分，因财报超预期且产能已预订至2027年，后市看涨。 https://twitter.com/1707559719215489024/status/2018873766609342591 || [x] wey_how12640 rank 2/190 bear: MU当前持仓过重，计划1/3减仓，硬止损位设在398.60美元，基于多项技术指标（如斐波那契扩展、10日均线、波动率等）判断短期回调风险，虽长期看涨但坚持执行减仓纪律。 https://twitter.com/1707559719215489024/status/2019061523260604732 || [x] wey_how12640 rank 2/191 bull: 作者看好MU长期投资价值，认为基本面驱动股价，虽已部分减持但仍持有80%仓位，建议适应高波动市场并长期布局。 https://twitter.com/1707559719215489024/status/2019235238753497461 || [x] wey_how12640 rank 2/192 bull: MU位于21EMA区域，已按计划减仓1/3，保留2/3作为持仓交易，显示看涨立场。 https://twitter.com/1707559719215489024/status/2019578567500394995 || [x] wey_how12640 rank 4/195 bull: 持有MU约30%仓位，认为其在21日均线附近有支撑，因市场传言不实而更坚定了看涨立场，计划长期持有剩余头寸。 https://twitter.com/1707559719215489024/status/2019931291106636234
MU,2026-02-19,bull,author_net+weighted_net,2026-02-20,415.18000000000006,3.402696408208958,2,2,1,2026-02-20,0.031287634279107746,0.02086730364245648,settled,2026-02-26,0.0009152656679030091,-0.009314538529540783,settled,2026-03-19,0.07006599547184322,0.10307103709454235,settled,[x] EliteOptions2 rank 17/212 bull: $MU预计下周涨至455，突破后目标500，期权策略为2月20日435C看涨期权。 https://twitter.com/1018324467758465024/status/2024287844492013590 || [x] wey_how12640 rank 3/200 bull: 认为MU等科技股因高可见性和确定性吸引资金，建议持仓并跟随价格信号，短期（5天内）保持看涨。 https://twitter.com/1707559719215489024/status/2022116404187759022
MU,2026-02-24,bull,author_net+weighted_net,2026-02-25,426.5,3.4309052526965877,2,2,1,2026-02-25,0.0058616647127784915,0.0015584394671903645,settled,2026-03-03,-0.10977725674091443,-0.09550561745840858,settled,2026-03-24,-0.07261430246189926,-0.019005099065683817,settled,[x] EliteOptions2 rank 17/212 bull: $MU预计下周涨至455，突破后目标500，期权策略为2月20日435C看涨期权。 https://twitter.com/1018324467758465024/status/2024287844492013590 || [x] wey_how12640 rank 3/214 bull: $MU 价格在 $410-420 区间震荡，成交量萎缩，短期均线支撑显现，买方意愿增强，作者在 $420 附近加仓做短线反弹。 https://twitter.com/1707559719215489024/status/2026264754537283785
MU,2026-03-16,bull,author_net+weighted_net,2026-03-17,452.535,3.781533066425261,2,2,1,2026-03-17,0.02023047941043221,0.022610050790137448,settled,2026-03-23,-0.1064779519816147,-0.08118013375112343,settled,2026-04-14,0.029003281514137003,-0.0038199312046720557,settled,[x] AnthonySandford rank 9/246 bull: 帖子指出MU看跌期权溢价达68%，暗示大额卖空获利，可能预示股价上涨，属于看涨信号。 https://twitter.com/1414666657/status/2032852626488869073 || [x] wey_how12640 rank 3/246 bull: MU 在 earnings 前展现相对强势，作者认为应持有，短期看好。 https://twitter.com/1707559719215489024/status/2032630655314702521
MU,2026-04-01,bull,author_net+weighted_net,2026-04-02,341.34,6.421028312964261,3,3,0,2026-04-02,0.07294779398839868,0.058390694888742045,settled,2026-04-09,0.23486845960039848,0.18306003783127012,settled,2026-04-30,0.5150875959453918,0.40333362793697614,settled,[x] d_pavlos rank 4/257 bull: $MU 4/10 360 期权多头获利了结，最终收益+88.51%，明确指向看涨方向与具体目标价。 https://twitter.com/728291846/status/2039358219781378534 || [x] wey_how12640 rank 7/257 bull: 认为特朗普可能停止战争将消除市场主要担忧，MU有望在60天内反弹，基于地缘政治缓和预期。 https://twitter.com/1707559719215489024/status/2039167826381201425 || [youtube] @ripsterchartspriceaction rank 11/132 bull: MU 在视频中被列为盘中回调后的做多赢家，基于技术面的反弹策略，属于短期看涨交易。 https://www.youtube.com/watch?v=uNw9c1z50fU || [x] d_pavlos rank 4/257 bull: MU 4/2 365c 买入价$2.17，最高达$9.00，涨幅315%，已部分减仓。当前4/10 400c仍处于上涨趋势，目标明确，策略清晰。 https://twitter.com/728291846/status/2039353716730388991 || [x] d_pavlos rank 4/257 bull: $MU 4/10 360 期权多头获利了结，最终收益+88.51%，明确指向看涨方向与具体目标价。 https://twitter.com/728291846/status/2039358219781378534 || [x] wey_how12640 rank 7/256 bull: MU当前处于技术支撑位$312-318，若形成更高低点则有望反弹至$364，伊朗局势为关键风险因素。 https://twitter.com/1707559719215489024/status/2038986863692956011 || [x] wey_how12640 rank 7/257 bull: 认为特朗普可能停止战争将消除市场主要担忧，MU有望在60天内反弹，基于地缘政治缓和预期。 https://twitter.com/1707559719215489024/status/2039167826381201425 || [youtube] @ripsterchartspriceaction rank 8/132 bear: 如果 MU 跌破 359 则做空。当它拒绝突破并跌破盘前低点时，我引导交易者利用 5-12 云层作为止损进行做空。 https://www.youtube.com/watch?v=QXsyc9c8bNc || [youtube] @ripsterchartspriceaction rank 11/132 bull: MU 在视频中被列为盘中回调后的做多赢家，基于技术面的反弹策略，属于短期看涨交易。 https://www.youtube.com/watch?v=uNw9c1z50fU
MU,2026-04-17,bull,author_net+weighted_net,2026-04-20,458.25,5.079764478582864,3,3,3,2026-04-20,-0.021451172940534557,-0.021451172940534557,settled,2026-04-24,0.08394980905619209,0.0785987515182418,settled,2026-05-15,0.5813638843426077,0.5404846210987404,settled,[x] Chartradamus rank 19/279 bull: MU预计在完成回调后上涨至$201，最终目标$230，基于波浪理论和关键支撑位分析。 https://twitter.com/1947726500289253376/status/2045200173689954380 || [x] EliteOptions2 rank 23/279 bull: MU突破471后有望上涨至500，期权策略建议持有471以上买入4月24日500行权价看涨期权。 https://twitter.com/1018324467758465024/status/2044928877105905838 || [x] d_pavlos rank 3/273 bull: $MU 波浪5加速上涨，突破关键均线，目标$472、$500、$520，回调至$455–$438为买入区，风险在$472遇阻 https://twitter.com/728291846/status/2044328744316280985
MU,2026-05-26,bull,author_net,2026-05-27,955.66,8.44558328317493,3,3,2,2026-05-27,-0.028514325178410682,-0.027954981475022733,settled,2026-06-02,0.11347131825126078,0.10189823067401793,settled,2026-06-24,0.09715798505744733,0.1206504205997444,settled,[x] EliteOptions2 rank 20/345 bull: $MU今日上涨19%，若突破765将快速冲向800，5日内目标 https://twitter.com/1018324467758465024/status/2057481732002337155 || [x] SanCompounding rank 8/345 bull: 穆尔 (MU) 因HBM产能已售罄、营收大幅增长及与Nvidia的长期协议，被看好为AI内存核心受益者，预计2026年将持续受益于供需紧张。 https://twitter.com/1000030068452876288/status/2057252847952052602 || [x] twinsight_x rank 32/349 bull: $MU 860C 上破 818.67 为看涨信号，目标价 860，5 日内上涨预期。 https://twitter.com/427693716/status/2059256285913039153
MU,2026-05-29,bull,author_net,2026-06-01,1009.72,6.796799999999999,2,2,2,2026-06-01,0.025531830606504657,0.021321917452511885,settled,2026-06-05,-0.14430733272590424,-0.12072917131942251,settled,2026-06-29,0.1342550410014658,0.15326584379748365,settled,[x] EliteOptions2 rank 24/359 bull: MU需回踩近965以再次冲向1000，等待买入时机。 https://twitter.com/1018324467758465024/status/2060149148716781896 || [x] twinsight_x rank 33/359 bull: MU 985C 上破 950 可能上涨至 985，短期看涨。 https://twitter.com/427693716/status/2060348427762794683
MU,2026-06-12,bull,author_net,2026-06-15,1055.89,10.380898464113066,2,4,4,2026-06-15,0.03040089403252222,0.026437337472038136,settled,2026-06-22,0.14725965772949823,0.1571818496560794,settled,2026-07-14,-0.06891816382388327,-0.06889156277314179,settled,[x] EliteOptions2 rank 21/393 bull: 买入MU看涨期权，目标价22美元，快速获利了结 https://twitter.com/1018324467758465024/status/2065437248439648501 || [x] Simply0DTE rank 22/386 bear: 基于半导体期权流动性和$SMH的560美元关键节点，预测市场将下跌，认为$MU将随之下跌。 https://twitter.com/1805059756366626817/status/2064535673206403329 || [x] aleabitoreddit rank 1/391 bull: 看好美国本土供应链重建，认为$MU等公司因获补贴而具备长期投资价值，尤其在AI基础设施领域。 https://twitter.com/1940360837547565056/status/2065105141238489398 || [x] wey_how12640 rank 2/391 bull: 持仓中$MU仍高于21日均线，作者对基本面有软性信心，视为核心持仓之一，表达长期看涨立场。 https://twitter.com/1707559719215489024/status/2064886666335268975
NVDA,2025-08-27,bull,author_net+weighted_net,2025-08-28,180.82,8.016454165435109,2,2,1,2025-08-28,-0.0035947350956753166,-0.006190371953718632,settled,2025-09-04,-0.05065811304059287,-0.05356275428649859,settled,2025-09-25,-0.017310032076097714,-0.034011719240055305,settled,[x] alshfaw rank 2/24 bull: Post-earnings看涨NVDA，预计9:30AM EST后大资金将决定方向，劳动节期间有望重返高位，短期波动或为做市商调整头寸所致。 https://twitter.com/777152191425642496/status/1960812241336365319 || [x] tradertvshawn rank 3/24 bull: 关注NVDA earnings前的科技股动量，AMD突破关键位支撑NVDA上涨，技术面看涨。 https://twitter.com/1163506552323629056/status/1960687237269446867 || [x] alshfaw rank 2/24 bull: 基于SPY的杯柄形态分析，看涨至$650，暗示NVDA将上涨。 https://twitter.com/777152191425642496/status/1960133965844459794 || [x] alshfaw rank 2/24 bull: NVDA呈现杯柄形态与倒置头肩底，技术面偏多，预期未来5日内延续上涨，关键看财报前表现。 https://twitter.com/777152191425642496/status/1960466539276328991 || [x] alshfaw rank 2/24 bear: NVDA可能在明日冲高至650后回落，形成诱多假阳线，随后进入下跌趋势。 https://twitter.com/777152191425642496/status/1960497492123906513 || [x] alshfaw rank 2/24 bull: NVDA earnings后看涨至187美元或更高，认为将封顶并带动$SPY上行。 https://twitter.com/777152191425642496/status/1960510342376706333 || [x] alshfaw rank 2/24 bull: $NVDA买入建议，目标价7268.80美元，基于拆股调整后的价格，认为当前估值偏低，短期看涨。 https://twitter.com/777152191425642496/status/1960693207198539978 || [x] alshfaw rank 2/24 bull: NVDA日内看涨，构建180-182美元的看涨右肩形态，若不跌破底部红色弧线则维持看涨，目标为突破该区间上行。 https://twitter.com/777152191425642496/status/1960743423201140754 || [x] alshfaw rank 2/24 bull: Post-earnings看涨NVDA，预计9:30AM EST后大资金将决定方向，劳动节期间有望重返高位，短期波动或为做市商调整头寸所致。 https://twitter.com/777152191425642496/status/1960812241336365319 || [x] tradertvshawn rank 3/24 bull: 关注NVDA earnings前的科技股动量，AMD突破关键位支撑NVDA上涨，技术面看涨。 https://twitter.com/1163506552323629056/status/1960687237269446867
NVDA,2025-09-08,bull,author_net+weighted_net,2025-09-09,169.09,4.488510687033236,2,2,0,2025-09-09,0.00987639718493094,0.007780768727529086,settled,2025-09-15,0.051215329114672636,0.03281694398130752,settled,2025-10-06,0.09728546927671644,0.06239941907408775,settled,[x] alshfaw rank 2/27 bull: 预计SPY在9月11日后上涨，NVDA作为科技股标的可能受益于市场整体上行趋势，但未明确给出具体目标价或入场点。 https://twitter.com/777152191425642496/status/1964428047156990014 || [x] tradertvshawn rank 3/27 bull: NVDA 被列为潜在买入标的，基于科技动量和AI新闻，但无具体目标价或入场点。 https://twitter.com/1163506552323629056/status/1965039435025617292 || [x] alshfaw rank 2/25 bull: 认为NVDA可能在AVGO财报后上涨，目标价273美元，基于历史模式和价格结构分析。 https://twitter.com/777152191425642496/status/1963626028883952053 || [x] alshfaw rank 2/27 bull: 预计SPY在9月11日后上涨，NVDA作为科技股标的可能受益于市场整体上行趋势，但未明确给出具体目标价或入场点。 https://twitter.com/777152191425642496/status/1964428047156990014 || [x] tradertvshawn rank 3/27 bull: NVDA 被列为潜在买入标的，基于科技动量和AI新闻，但无具体目标价或入场点。 https://twitter.com/1163506552323629056/status/1965039435025617292
NVDA,2025-09-22,bull,weighted_net,2025-09-23,181.97,1.314262588294615,0,2,1,2025-09-23,-0.019453756113645082,-0.014189177279951837,settled,2025-09-29,-0.0006594493597845696,0.0039001858693972213,settled,2025-10-20,0.0036819255921305416,-0.003187524851833823,settled,[x] alshfaw rank 4/36 bull: 市场处于可控的上涨趋势中，尽管存在波动风险，但看涨信号占优，尤其对NVDA等科技股保持乐观，认为短期回调或为买入机会。 https://twitter.com/777152191425642496/status/1970166616986992943 || [x] alshfaw rank 4/36 bear: 警告NVDA可能在2026年出现类似CSCO的爆发行情，但当前更需警惕短期回调风险，认为市场将先下跌以重建新起点。 https://twitter.com/777152191425642496/status/1970199172725776797 || [x] tradertvshawn rank 1/36 bull: NVDA 172 做多，因新闻推动且进军个人电脑市场，短期看涨。 https://twitter.com/1163506552323629056/status/1968664747806482619
NVDA,2025-09-24,bear,author_net+weighted_net,2025-09-25,174.48,-0.34531396075748755,-2,2,1,2025-09-25,-0.01839752407152684,-0.01823033557409559,settled,2025-10-01,-0.0731315910132968,-0.057157490031444436,settled,2025-10-22,-0.033241632278771194,-0.018255463327195187,settled,[x] alshfaw rank 4/36 bear: 警告NVDA可能在2026年出现类似CSCO的爆发行情，但当前更需警惕短期回调风险，认为市场将先下跌以重建新起点。 https://twitter.com/777152191425642496/status/1970199172725776797 || [x] tradertvshawn rank 1/40 bear: NVDA 180 空单，因昨日表现疲弱且仍低于关键支撑位，短期看跌。 https://twitter.com/1163506552323629056/status/1970837597204132170 || [x] alshfaw rank 4/36 bull: 市场处于可控的上涨趋势中，尽管存在波动风险，但看涨信号占优，尤其对NVDA等科技股保持乐观，认为短期回调或为买入机会。 https://twitter.com/777152191425642496/status/1970166616986992943 || [x] alshfaw rank 4/36 bear: 警告NVDA可能在2026年出现类似CSCO的爆发行情，但当前更需警惕短期回调风险，认为市场将先下跌以重建新起点。 https://twitter.com/777152191425642496/status/1970199172725776797 || [x] tradertvshawn rank 1/36 bull: NVDA 172 做多，因新闻推动且进军个人电脑市场，短期看涨。 https://twitter.com/1163506552323629056/status/1968664747806482619 || [x] tradertvshawn rank 1/40 bear: NVDA 180 空单，因昨日表现疲弱且仍低于关键支撑位，短期看跌。 https://twitter.com/1163506552323629056/status/1970837597204132170
NVDA,2025-09-25,bull,weighted_net,2025-09-26,178.17,0.060139145118587534,0,2,1,2025-09-26,0.00011225234326772693,-0.003390348072192406,settled,2025-10-02,0.06016725599146877,0.045444204028647794,settled,2025-10-23,0.02239434248189931,0.0038199463393084887,settled,[x] alshfaw rank 4/36 bull: 市场处于可控的上涨趋势中，尽管存在波动风险，但看涨信号占优，尤其对NVDA等科技股保持乐观，认为短期回调或为买入机会。 https://twitter.com/777152191425642496/status/1970166616986992943 || [x] alshfaw rank 4/36 bear: 警告NVDA可能在2026年出现类似CSCO的爆发行情，但当前更需警惕短期回调风险，认为市场将先下跌以重建新起点。 https://twitter.com/777152191425642496/status/1970199172725776797 || [x] tradertvshawn rank 1/40 bear: NVDA 180 空单，因昨日表现疲弱且仍低于关键支撑位，短期看跌。 https://twitter.com/1163506552323629056/status/1970837597204132170 || [x] tradertvshawn rank 1/40 bull: 关注NVDA在29美元附近回调时的买入机会，基于其近期投资和苹果相关性，短期看涨。 https://twitter.com/1163506552323629056/status/1971197185808126271
NVDA,2025-09-30,bull,author_net+weighted_net,2025-10-01,185.24000000000004,5.050344145937063,2,2,0,2025-10-01,0.010796804145972727,0.0028350447177716287,settled,2025-10-07,-0.0010796804145974948,-0.01005173886114974,settled,2025-10-28,0.08524076873245501,0.04921682313781117,settled,[x] alshfaw rank 5/43 bull: 预计NVDA在10月7日至10月27日之间上涨，关注10月7日作为潜在入场点，怀疑波浪5是否完成。 https://twitter.com/777152191425642496/status/1973054765652148561 || [x] tradertvshawn rank 1/43 bull: NVDA看涨，目标价356美元，关注历史高点突破。 https://twitter.com/1163506552323629056/status/1973008515351335186 || [x] alshfaw rank 5/43 bull: 预计NVDA在10月7日至10月27日之间上涨，关注10月7日作为潜在入场点，怀疑波浪5是否完成。 https://twitter.com/777152191425642496/status/1973054765652148561 || [x] tradertvshawn rank 1/40 bear: NVDA 180 空单，因昨日表现疲弱且仍低于关键支撑位，短期看跌。 https://twitter.com/1163506552323629056/status/1970837597204132170 || [x] tradertvshawn rank 1/40 bull: 关注NVDA在29美元附近回调时的买入机会，基于其近期投资和苹果相关性，短期看涨。 https://twitter.com/1163506552323629056/status/1971197185808126271 || [x] tradertvshawn rank 1/41 bull: NVDA 178-179做多，目标价185，看涨至月底 https://twitter.com/1163506552323629056/status/1972646357551734976 || [x] tradertvshawn rank 1/43 bull: NVDA看涨，目标价356美元，关注历史高点突破。 https://twitter.com/1163506552323629056/status/1973008515351335186
NVDA,2025-10-22,bear,author_net,2025-10-23,180.42,1.1882370221301468,-2,2,0,2025-10-23,-0.009644163618224288,-0.004196040526564193,settled,2025-10-29,-0.14754461811329134,-0.11870249394398047,settled,2025-11-19,-0.03380999889147551,-0.042027085642358575,settled,[x] AnthonySandford rank 2/54 bear: NVDA 被列为熊市领头羊，因交易员在财报前削减多头头寸，市场情绪偏空。 https://twitter.com/1414666657/status/1981019830032445708 || [x] d_pavlos rank 3/49 bear: NVDA跌破短期支撑180.60，可能下探172.20，若压力加剧，后续支撑位为163.80和158.60。需收复185.75才有望反弹至194或202。 https://twitter.com/728291846/status/1978716158925717763
NVDA,2025-10-29,bull,author_net+weighted_net,2025-10-30,205.15,6.606936890532545,3,3,1,2025-10-30,-0.011016329514989098,-0.0050651670643384605,settled,2025-11-05,-0.048452351937606664,-0.039211234815220486,settled,2025-11-26,-0.12132585912746774,-0.11515536636536794,settled,[x] AnthonySandford rank 1/62 bull: NVDA因大量看涨期权溢价流入，显示强劲的短期看涨情绪，预计在FOMC前维持强势。 https://twitter.com/1414666657/status/1983543862640468429 || [x] EliteOptions2 rank 6/62 bull: NVDA今日大幅突破190，若FOMC后200支撑有效，目标价220以上，可关注10月31日207.5元看涨期权。 https://twitter.com/1018324467758465024/status/1983322936002941418 || [x] aleabitoreddit rank 7/62 bull: 基于机构资金流动和行业轮动逻辑，认为NVDA在年底前将受益于税收损失收割后的回补，属于中长期看涨布局。 https://twitter.com/1940360837547565056/status/1983399179759300943 || [x] AnthonySandford rank 2/55 bull: NVDA位列看涨期权净流入领先榜，显示早期技术股反弹情绪，但未明确目标价或入场点。 https://twitter.com/1414666657/status/1981367586802507893 || [x] AnthonySandford rank 2/58 bull: NVDA受半导体板块领涨和机构买入动能推动，市场情绪偏多，显示短期上涨势头延续。 https://twitter.com/1414666657/status/1981753745122681152 || [x] AnthonySandford rank 1/62 bull: NVDA因大量看涨期权溢价流入，显示强劲的短期看涨情绪，预计在FOMC前维持强势。 https://twitter.com/1414666657/status/1983543862640468429 || [x] EliteOptions2 rank 6/62 bull: NVDA今日大幅突破190，若FOMC后200支撑有效，目标价220以上，可关注10月31日207.5元看涨期权。 https://twitter.com/1018324467758465024/status/1983322936002941418 || [x] aleabitoreddit rank 7/62 bull: 基于机构资金流动和行业轮动逻辑，认为NVDA在年底前将受益于税收损失收割后的回补，属于中长期看涨布局。 https://twitter.com/1940360837547565056/status/1983399179759300943
NVDA,2025-11-03,bull,author_net,2025-11-04,203.0,2.7429831319882045,4,4,1,2025-11-04,-0.021231527093596103,-0.01994475423119202,settled,2025-11-10,-0.019458128078817638,-0.02734146067262644,settled,2025-12-02,-0.10610837438423637,-0.11412482141208691,settled,[x] AnthonySandford rank 1/67 bull: NVDA位列多头资金流入前五，显示技术股中偏好仍存，尽管整体市场偏空，但其表现支撑看涨情绪。 https://twitter.com/1414666657/status/1985406397459136513 || [x] EliteOptions2 rank 6/62 bull: NVDA今日大幅突破190，若FOMC后200支撑有效，目标价220以上，可关注10月31日207.5元看涨期权。 https://twitter.com/1018324467758465024/status/1983322936002941418 || [x] aleabitoreddit rank 7/62 bull: 基于机构资金流动和行业轮动逻辑，认为NVDA在年底前将受益于税收损失收割后的回补，属于中长期看涨布局。 https://twitter.com/1940360837547565056/status/1983399179759300943 || [x] d_pavlos rank 3/67 bull: NVDA短期看涨，若守住200支撑位，有望反弹至220；跌破200则转为看跌。 https://twitter.com/728291846/status/1985008896080052516
NVDA,2025-11-05,bear,author_net+weighted_net,2025-11-06,196.42,-5.34135917133564,-3,3,1,2025-11-06,0.04246003461969239,0.033353939744827144,settled,2025-11-12,0.013338763873332549,0.02355355536445558,settled,2025-12-04,0.06638835149170141,0.0780961877593851,settled,[x] AnthonySandford rank 1/69 bear: NVDA位列最悲观资金流向，显示机构正大幅减持看涨头寸，市场整体呈强烈空头趋势。 https://twitter.com/1414666657/status/1985737727208280485 || [x] EliteOptions2 rank 8/73 bear: NVDA若跌破196，可能下探190，建议在196以下关注11月7日行权价193的看跌期权。 https://twitter.com/1018324467758465024/status/1985874730033754357 || [x] d_pavlos rank 4/73 bear: $NVDA在2小时图上未能守住202–205.8阻力区，形成ABC调整结构，若跌破196.4将加速下探至189.9，进一步支撑位在184。 https://twitter.com/728291846/status/1985965404330619332 || [x] AnthonySandford rank 1/64 bear: NVDA 被列为熊市流主力，显示获利了结与空头布局，市场情绪偏防御，短期承压。 https://twitter.com/1414666657/status/1983903921115427147 || [x] AnthonySandford rank 2/65 bear: NVDA被列为当日主要看跌标的，因期权流显示持续熊市定位，尽管整体市场偏多，但其资金流向与多数科技股相反。 https://twitter.com/1414666657/status/1984273418800243086 || [x] AnthonySandford rank 1/67 bull: NVDA位列多头资金流入前五，显示技术股中偏好仍存，尽管整体市场偏空，但其表现支撑看涨情绪。 https://twitter.com/1414666657/status/1985406397459136513 || [x] AnthonySandford rank 1/69 bear: NVDA位列最悲观资金流向，显示机构正大幅减持看涨头寸，市场整体呈强烈空头趋势。 https://twitter.com/1414666657/status/1985737727208280485 || [x] EliteOptions2 rank 8/73 bear: NVDA若跌破196，可能下探190，建议在196以下关注11月7日行权价193的看跌期权。 https://twitter.com/1018324467758465024/status/1985874730033754357 || [x] d_pavlos rank 3/67 bull: NVDA短期看涨，若守住200支撑位，有望反弹至220；跌破200则转为看跌。 https://twitter.com/728291846/status/1985008896080052516 || [x] d_pavlos rank 4/73 bear: $NVDA在2小时图上未能守住202–205.8阻力区，形成ABC调整结构，若跌破196.4将加速下探至189.9，进一步支撑位在184。 https://twitter.com/728291846/status/1985965404330619332
NVDA,2025-11-10,bull,author_net,2025-11-11,195.155,-4.448084301420973,2,4,0,2025-11-11,-0.010222643539750442,-0.014708267482687387,settled,2025-11-17,-0.04383695011657407,-0.022835405885380466,settled,2025-12-09,-0.05218928543977863,-0.05673373723770492,settled,[x] AnthonySandford rank 1/78 bull: NVDA因市场对冲与看涨期权需求上升，被列为十大看涨标的之一，显示短期技术性反弹动能。尽管存在对冲压力，整体情绪偏谨慎乐观。 https://twitter.com/1414666657/status/1987935775808197014 || [x] EliteOptions2 rank 8/76 bull: NVDA若守住184美元前高，有望反弹至190美元，突破后可考虑看涨期权；跌破则回避。 https://twitter.com/1018324467758465024/status/1986795799817126223 || [x] d_pavlos rank 4/73 bear: $NVDA在2小时图上未能守住202–205.8阻力区，形成ABC调整结构，若跌破196.4将加速下探至189.9，进一步支撑位在184。 https://twitter.com/728291846/status/1985965404330619332 || [youtube] @1oxtrading rank 3/40 bull: NVIDIA（英伟达） 在 180 美元的 88.6% 斐波那契回撤位展现了强劲的反弹，涨幅接近 5%。虽然成交量在下跌过程中有所放大，显示出一定的抛压，但 180 美元作为前期的阻力转支撑位目前守得很好。如果能突破 **190 美元**，空头将面临巨大压力。 https://www.youtube.com/watch?v=QkyF0ewowo8
NVDA,2025-11-17,bull,author_net+weighted_net,2025-11-18,183.37499999999997,1.3878798036861606,2,2,2,2025-11-18,-0.01098841172460785,-0.007945041815455856,settled,2025-11-24,-0.0044989775051123004,-0.01452019802482618,settled,2025-12-16,-0.030838445807770842,-0.056174689096120556,settled,[x] AnthonySandford rank 3/85 bull: NVDA 12月12日行权价190的看跌期权大量卖出，显示交易员对短期下跌风险持信心，预期股价将稳定或上涨。 https://twitter.com/1414666657/status/1989485964800970940 || [x] EricJhonsa rank 1/85 bull: 看好内存周期持续，认为Hynix等厂商基本面强劲，受AI、HBM4、NVDA Rubin Ultra等驱动，短期供应受限，需求仍强。 https://twitter.com/572077039/status/1990437003452920189 || [x] AnthonySandford rank 5/80 bear: 软银清仓英伟达持仓，导致其盘前下跌1.6%，市场情绪承压。 https://twitter.com/1414666657/status/1988243205544874314 || [x] AnthonySandford rank 7/82 bear: NVDA被列为当日主要做空标的，市场情绪转向防御，Put溢价上升，显示对下行风险的担忧。 https://twitter.com/1414666657/status/1988628843725238449 || [x] AnthonySandford rank 6/82 bear: SPY持续下跌，NVDA位列最熊市流向上，市场情绪偏空，短期看跌。 https://twitter.com/1414666657/status/1988984005903962417 || [x] AnthonySandford rank 3/84 bull: NVDA位列多头资金流入前茅，市场情绪偏多，SPY突破667并有望冲击669-670，暗示短期看涨。 https://twitter.com/1414666657/status/1989348600841732513 || [x] AnthonySandford rank 3/84 bull: @unusual_whales 指出市场情绪转向看涨，NVDA位列主要看涨资金流入标的，显示短期买入压力增强。 https://twitter.com/1414666657/status/1989364092499362036 || [x] AnthonySandford rank 3/85 bull: NVDA 12月12日行权价190的看跌期权大量卖出，显示交易员对短期下跌风险持信心，预期股价将稳定或上涨。 https://twitter.com/1414666657/status/1989485964800970940 || [x] EricJhonsa rank 1/85 bull: 看好内存周期持续，认为Hynix等厂商基本面强劲，受AI、HBM4、NVDA Rubin Ultra等驱动，短期供应受限，需求仍强。 https://twitter.com/572077039/status/1990437003452920189
NVDA,2025-11-26,bull,author_net,2025-11-28,179.01,3.8079647999999997,2,2,1,2025-11-28,-0.011228422993128873,-0.01494431172208921,settled,2025-12-04,0.02441204401988717,0.019227424568017515,settled,2025-12-26,0.06435394670688788,0.050474441375395473,settled,[x] AnthonySandford rank 7/95 bull: SPY当前处于最强看涨结构，Call流入强劲且OTM Call转为正向，Put对冲大幅撤除，支撑价格上行至668.7，NVDA被列为看跌标的。 https://twitter.com/1414666657/status/1992978009825951845 || [youtube] @felixfriends rank 4/49 bull: 视频警告投资者在买入NVDA前需谨慎，暗示当前为买入良机，属于看涨操作。 https://www.youtube.com/watch?v=_STWPf8DrOU
NVDA,2025-12-02,bull,author_net+weighted_net,2025-12-03,181.08,2.941481434659649,2,2,1,2025-12-03,-0.008228407333775167,-0.013106671142053439,settled,2025-12-09,0.021482217804285275,0.017852907079451752,settled,2025-12-31,0.029931521979235542,0.027947890611411674,settled,[x] d_pavlos rank 4/108 bull: $NVDA反弹突破177，若有效突破181-182将看向185和190，支撑位173.50 https://twitter.com/728291846/status/1995756941868470530 || [x] tradertvshawn rank 1/104 bull: NVDA在178-180区间逢低买入，视为买点回调机会，短期看涨。 https://twitter.com/1163506552323629056/status/1994404992422203564
NVDA,2025-12-09,bull,author_net+weighted_net,2025-12-10,184.965,5.270189962688632,2,2,0,2025-12-10,-0.0064066174681696175,-0.01374663153286737,settled,2025-12-16,-0.03916957262184739,-0.03376345447838758,settled,2026-01-08,0.0004054821182384316,-0.00977677292161161,settled,[x] EliteOptions2 rank 10/116 bull: NVDA需突破190才能为冲向200做准备，当前处于潜在买入点。 https://twitter.com/1018324467758465024/status/1998392199847772667 || [x] d_pavlos rank 6/116 bull: NVDA突破181.50支撑位，技术面显示看涨趋势，目标价194.81，关键支撑181.50。 https://twitter.com/728291846/status/1998265890492629174 || [x] EliteOptions2 rank 10/116 bull: NVDA有望突破200并冲击288目标价，受益于H200芯片对华出口解禁及AI基础设施持续扩张。 https://twitter.com/1018324467758465024/status/1998207227132334506 || [x] EliteOptions2 rank 10/116 bull: NVDA需突破190才能为冲向200做准备，当前处于潜在买入点。 https://twitter.com/1018324467758465024/status/1998392199847772667 || [x] d_pavlos rank 5/114 bull: $NVDA今日收于183.38，突破184.84阻力后有望上探194.96，支撑位在181.32。 https://twitter.com/728291846/status/1996833426867917071 || [x] d_pavlos rank 6/116 bull: NVDA突破181.50支撑位，技术面显示看涨趋势，目标价194.81，关键支撑181.50。 https://twitter.com/728291846/status/1998265890492629174
NVDA,2025-12-22,bull,author_net+weighted_net,2025-12-23,182.97,3.2979894042053117,2,2,1,2025-12-23,0.03410395146745371,0.02819682782726174,settled,2025-12-30,0.02497677214843952,0.020458699859282836,settled,2026-01-22,0.010220254686560626,0.002821728543151991,settled,[x] AnthonySandford rank 9/128 bull: NVDA期权流显示看涨信号，12月17日160美元看涨期权价格上涨44.68%，暗示短期 bullish 动能。 https://twitter.com/1414666657/status/2002203698970423307 || [x] EliteOptions2 rank 10/128 bull: NVDA本周若站稳184，有望在1月反弹至200，视为看涨期权策略。 https://twitter.com/1018324467758465024/status/2003103241559499087
NVDA,2026-01-05,bull,author_net+weighted_net,2026-01-06,190.52,0.722676959518407,2,2,1,2026-01-06,-0.017216040310728542,-0.022856149042721596,settled,2026-01-12,-0.029288263699349226,-0.039798053939635425,settled,2026-02-03,-0.05343271047659037,-0.05575852851040208,settled,[x] AnthonySandford rank 9/142 bull: SPY市场趋势强劲看涨，NVDA位列看涨排名前列，反映其受积极期权流动和市场情绪推动。 https://twitter.com/1414666657/status/2008198578796417463 || [x] d_pavlos rank 5/142 bull: NVDA在185-186支撑位企稳，若能回升至190-195将恢复上涨动能。 https://twitter.com/728291846/status/2008295235055743085 || [x] AnthonySandford rank 9/140 bear: SPY市场情绪转熊，NVDA被列为最看空标的之一，暗示短期下行压力。基于期权净溢价与成交量数据，预计价格将下探683.9支撑位。 https://twitter.com/1414666657/status/2006386558606225569 || [x] AnthonySandford rank 9/142 bull: SPY市场趋势强劲看涨，NVDA位列看涨排名前列，反映其受积极期权流动和市场情绪推动。 https://twitter.com/1414666657/status/2008198578796417463 || [x] d_pavlos rank 5/142 bull: NVDA在185-186支撑位企稳，若能回升至190-195将恢复上涨动能。 https://twitter.com/728291846/status/2008295235055743085
NVDA,2026-01-21,bull,author_net,2026-01-22,184.75,4.635248414656956,2,2,0,2026-01-22,0.0004871447902570214,0.0017482885171541396,settled,2026-01-28,0.03664411366711784,0.02856989463399473,settled,2026-02-19,0.017050067658998636,0.02483436859398447,settled,[x] alshfaw rank 14/161 bull: 认为市场将出现买入机会，尽管短期有抛压，但基于机构成本基础、杠杆数据和宏观环境，NVDA有望在5日内上涨。 https://twitter.com/777152191425642496/status/2012994807346446734 || [x] wey_how12640 rank 10/160 bull: 该帖提及NVDA作为主题投资组合中的重点持仓，强调AI内存等主题的持续看好，虽未明确目标价，但基于其在组合中权重超50%及“卖高补低”策略，隐含对短期（20天内）上涨动能的乐观预期。 https://twitter.com/1707559719215489024/status/2011981314510242154
NVDA,2026-02-04,bull,weighted_net,2026-02-05,174.925,2.8439498234751435,0,2,1,2026-02-05,-0.01740746034014584,-0.012531847217109982,settled,2026-02-11,0.08646562812633984,0.07028211709746812,settled,2026-03-05,0.04810633128483621,0.04756296476208832,settled,[x] TraderJonesy rank 10/190 bull: 预计NVDA等标的在5日内上涨至目标价，基于市场情绪与期权策略调整，暗示短期看涨。 https://twitter.com/1586379350089293824/status/2019077578858889359 || [x] TraderJonesy rank 10/190 bear: 计划在3月期权到期前对NVDA等标的减仓，锁定部分收益，显示看跌倾向。 https://twitter.com/1586379350089293824/status/2019092663232872718 || [x] wey_how12640 rank 9/175 bull: 持有NVDA等多只股票，强调顺势而为、核心持仓持续表现强劲，虽未明确目标价但整体看涨，持仓周期预计中短期（20天内）。 https://twitter.com/1707559719215489024/status/2016680315834745059 || [x] wey_how12640 rank 9/176 bull: 作者看好NVDA，认为其处于AI内存超级周期中，虽未明确目标价或入场点，但基于长期持仓和对市场趋势的判断，表达出明确的看涨立场。 https://twitter.com/1707559719215489024/status/2017038056440869134
NVDA,2026-02-09,bull,weighted_net,2026-02-10,191.38,1.260819157357336,0,2,1,2026-02-10,-0.01483958616365344,-0.010767350751033744,settled,2026-02-17,-0.033493572996133314,-0.01608224844040984,settled,2026-03-10,-0.034538614275263835,-0.008968429369874853,settled,[x] TraderJonesy rank 10/190 bull: 预计NVDA等标的在5日内上涨至目标价，基于市场情绪与期权策略调整，暗示短期看涨。 https://twitter.com/1586379350089293824/status/2019077578858889359 || [x] TraderJonesy rank 10/190 bear: 计划在3月期权到期前对NVDA等标的减仓，锁定部分收益，显示看跌倾向。 https://twitter.com/1586379350089293824/status/2019092663232872718 || [x] spacemnke rank 7/195 bull: NVDA是QQQ情绪的关键杠杆，周五反弹后表现将决定短期走势，市场处于消化期，若维持绿色则为看涨信号。 https://twitter.com/1208832562455552003/status/2020819074637295635
NVDA,2026-02-11,bull,author_net,2026-02-12,193.03,4.730019157357336,2,2,0,2026-02-12,-0.03154950007770818,-0.01286720000856778,settled,2026-02-19,-0.026576179868414207,-0.012517641034581528,settled,2026-03-12,-0.05123555923949652,-0.010644409204926264,settled,[x] spacemnke rank 7/195 bull: NVDA是QQQ情绪的关键杠杆，周五反弹后表现将决定短期走势，市场处于消化期，若维持绿色则为看涨信号。 https://twitter.com/1208832562455552003/status/2020819074637295635 || [x] tradertvshawn rank 15/199 bull: NVDA在189-190区间做多，基于数据中心盈利和VRT报告的支撑。 https://twitter.com/1163506552323629056/status/2021581120920244616
NVDA,2026-02-23,bull,weighted_net,2026-02-24,191.49,4.41500738793896,1,3,4,2026-02-24,0.007102198548226912,-0.0008901757001966715,settled,2026-03-02,-0.04705206538200435,-0.053621943663277216,settled,2026-03-23,-0.08277194631573459,-0.043880613275699365,settled,[x] SelzTrades rank 19/214 bear: NVDA 今日可能波动加剧，建议保护资本并逢高卖出；尽管超买或反弹，但整体持谨慎态度。 https://twitter.com/1535753696252145664/status/2026032760331087996 || [x] alshfaw rank 12/212 bull: VIX持续下滑至点位2，预示SPY多头占优，预计下周初目标价692。NVDA被列为潜在受益标的之一。 https://twitter.com/777152191425642496/status/2024915931663675463 || [x] alshfaw rank 12/214 bull: IGV价格形成波浪4整理，预计在$78完成最后洗盘后反弹至$88，机构正在积累，NVDA或跟随回升。 https://twitter.com/777152191425642496/status/2025239602852663478 || [x] spacemnke rank 5/214 bull: NVDA earnings即将公布，技术面关注196美元附近的历史高点，若突破将推动股价上行，影响整个AI和科技板块。 https://twitter.com/1208832562455552003/status/2025262871685296629
NVDA,2026-02-26,bull,author_net,2026-02-27,181.25,9.348220385793189,2,4,6,2026-02-27,-0.022399999999999975,-0.02664541422067357,settled,2026-03-05,0.011531034482758606,0.01413684045268948,settled,2026-03-26,-0.055227586206896495,0.0004019794433106627,settled,[x] SelzTrades rank 19/214 bear: NVDA 今日可能波动加剧，建议保护资本并逢高卖出；尽管超买或反弹，但整体持谨慎态度。 https://twitter.com/1535753696252145664/status/2026032760331087996 || [x] aleabitoreddit rank 20/220 bull: 基于AI供应链瓶颈和资本轮动至台日韩的 bullish 观点，强调多行业布局，包括内存、光子学、电网和先进封装，认为当前趋势已持续数月并有望延续。 https://twitter.com/1940360837547565056/status/2027106275881079067 || [x] alshfaw rank 12/218 bull: $NVDA已触及197.50美元目标位并反应，预计该几何支撑线将继续影响盘中走势，建议短期退出后等待继续上涨。 https://twitter.com/777152191425642496/status/2026721273229783134 || [x] spacemnke rank 5/214 bull: NVDA earnings即将公布，技术面关注196美元附近的历史高点，若突破将推动股价上行，影响整个AI和科技板块。 https://twitter.com/1208832562455552003/status/2025262871685296629
NVDA,2026-03-16,bull,author_net,2026-03-17,185.05999999999997,2.283064431159661,2,6,2,2026-03-17,-0.016913433481033024,-0.014533862101327788,settled,2026-03-23,-0.05090241002917961,-0.025604591798688348,settled,2026-04-14,0.061871825353939425,0.029048612635130366,settled,[x] AnthonySandford rank 9/246 bull: NVDA看跌期权溢价被大量卖出，显示大资金看涨，暗示短期内可能上涨。 https://twitter.com/1414666657/status/2032852626488869073 || [x] Chartradamus rank 21/246 bear: NVDA已失守长期上升通道，面临周线8/21均线死叉，若跌破175-180将触发下跌至164甚至140区域。 https://twitter.com/1947726500289253376/status/2033631857653518549 || [x] Sam_Badawi rank 15/246 bull: Nebius与Meta签订五年AI基础设施协议，将采购NVIDIA Vera Rubin系统，预计2027年交付，对NVDA构成重大利好。 https://twitter.com/1241543417093451776/status/2033491976084156870 || [x] SelzTrades rank 20/246 bull: NVDA 提供了120%以上的做多机会，基于上周的交易信号和期权持仓定位。 https://twitter.com/1535753696252145664/status/2032852100292784615 || [x] TraderJonesy rank 15/245 bear: 用户持有NVDA五月看跌期权，等待SPY突破675-680后开仓并平仓看涨期权，暗示对NVDA短期看跌。 https://twitter.com/1586379350089293824/status/2032588814838018444 || [x] alshfaw rank 16/246 bull: 预计 $QQQ 在5日内反弹至616-620区间，$NVDA 作为成分股可能受益，但整体仍属修正结构中的假突破风险。 https://twitter.com/777152191425642496/status/2033296677172629655
NVDA,2026-03-30,bull,author_net,2026-03-31,166.97,5.6204448,2,2,1,2026-03-31,0.044499011798526666,0.026656960901728866,settled,2026-04-07,0.06665868120021567,0.03491861171012278,settled,2026-04-28,0.27669641252919686,0.16283595614831614,settled,[x] alshfaw rank 18/251 bull: NVDA出现对称性突破信号，基于SPY宏观顶点与低点的19天周期对齐，暗示潜在上涨机会，时间窗口约20天。 https://twitter.com/777152191425642496/status/2036800411256922458 || [youtube] @analisistecnicostreet rank 7/128 bull: 但如果它能守住这个区域，我们就可以确认它将继续在70日和200日移动平均线之间横盘整理，并上涨到183美元。 https://www.youtube.com/watch?v=LzGEFZihPec
NVDA,2026-04-06,bull,author_net+weighted_net,2026-04-07,175.725,1.320944872803239,2,4,1,2026-04-07,0.013515436050647311,0.009601631131740618,settled,2026-04-13,0.07730829420970275,0.03245944017787439,settled,2026-05-04,0.12949210413999146,0.03604810809948278,settled,[x] SanCompounding rank 12/257 bull: NVDA将通过巨额自由现金流构建AI全产业链布局，涵盖光学、云基础设施和大模型公司投资，形成‘AI伯克希尔’，长期看涨。 https://twitter.com/1000030068452876288/status/2040446689568338006 || [x] TraderJonesy rank 16/256 bear: TJ持有NVDA五月看跌期权44%，认为当前市场虽有反弹但未完全修复，强调通过控制仓位（单个标的不超过5%）和纪律性操作实现长期盈利，若市场回调将获利，若上涨则加仓，目标是持续稳健收益。 https://twitter.com/1586379350089293824/status/2039827485844492514 || [x] d_pavlos rank 4/256 bull: $NVDA 被视为AI基础设施投资的首选，建议逢低买入，因AI资本支出强劲，优于单一算法影响。 https://twitter.com/728291846/status/2039088857090843093 || [x] spacemnke rank 2/257 bull: 市场聚焦特朗普 press conference 及中东 ceasefire进展，科技股领涨，AI基础设施需求强劲，NVDA 有望受益于技术主导的再风险行情。 https://twitter.com/1208832562455552003/status/2041112250354725375 || [x] SanCompounding rank 12/257 bull: NVDA将通过巨额自由现金流构建AI全产业链布局，涵盖光学、云基础设施和大模型公司投资，形成‘AI伯克希尔’，长期看涨。 https://twitter.com/1000030068452876288/status/2040446689568338006 || [x] TraderJonesy rank 17/257 bear: TJ预测NVDA将下跌至642，5天内有70%概率实现，基于熊市结构和3月收盘的看跌信号。 https://twitter.com/1586379350089293824/status/2039403766609539121 || [x] TraderJonesy rank 16/256 bear: TJ持有NVDA五月看跌期权44%，认为当前市场虽有反弹但未完全修复，强调通过控制仓位（单个标的不超过5%）和纪律性操作实现长期盈利，若市场回调将获利，若上涨则加仓，目标是持续稳健收益。 https://twitter.com/1586379350089293824/status/2039827485844492514 || [x] d_pavlos rank 4/256 bull: $NVDA 被视为AI基础设施投资的首选，建议逢低买入，因AI资本支出强劲，优于单一算法影响。 https://twitter.com/728291846/status/2039088857090843093 || [x] spacemnke rank 2/257 bull: 市场聚焦特朗普 press conference 及中东 ceasefire进展，科技股领涨，AI基础设施需求强劲，NVDA 有望受益于技术主导的再风险行情。 https://twitter.com/1208832562455552003/status/2041112250354725375
NVDA,2026-04-16,bull,author_net,2026-04-17,199.9,2.619587505632367,2,2,2,2026-04-17,0.008904452226113024,0.00323985313811348,settled,2026-04-23,-0.0013006503251626889,-0.004571956298482505,settled,2026-05-14,0.17928964482241128,0.11976886990525615,settled,[x] GDXTrader rank 19/265 bull: 基于斐波那契回撤位的看涨交易策略，强调在61.8%和78.6%-88.6%区域等待确认信号后入场，适用于上升趋势中的回调。 https://twitter.com/175792847/status/2042665711001276517 || [x] alshfaw rank 16/267 bull: 认为NVDA将突破DMZ区域，若价格上行则为看涨信号，基于斐波那契水平和VIX结构的几何证据。 https://twitter.com/777152191425642496/status/2043007785722339378
NVDA,2026-04-20,bull,weighted_net,2026-04-21,202.13,4.035150922175323,1,3,2,2026-04-21,-0.011131450056894088,-0.0024024980942879415,settled,2026-04-27,0.071637065255034,0.06475245636839766,settled,2026-05-18,0.09988621184386282,0.059944217137549716,settled,[x] aleabitoreddit rank 8/282 bull: 该推文强烈看涨NVDA，认为其在1.6T/CPO和光子学超级周期中的核心地位将推动整个供应链，尤其强调其对Sivers、Win Semi、MRVL等公司的带动作用，并以2026-2028年为关键时间窗口。 https://twitter.com/1940360837547565056/status/2046003874553901188 || [x] alshfaw rank 18/279 bull: 认为SPY出现泡沫顶部，但NVDA仍可看涨至720美元，基于历史类比和周期性判断。 https://twitter.com/777152191425642496/status/2045128838095532156 || [x] alshfaw rank 18/279 bear: NVDA面临熊市波浪C启动，目标区间715至730，基于期权伽马挤压结束和艾略特波浪分析。 https://twitter.com/777152191425642496/status/2045194575044583661 || [x] spacemnke rank 1/282 bull: NVDA突破周五高点后目标价205以上，看涨趋势延续。 https://twitter.com/1208832562455552003/status/2045921446535307409
NVDA,2026-04-21,bull,author_net,2026-04-22,200.98999999999998,7.376910922175322,2,4,1,2026-04-22,0.007512811582665924,0.004607925451382,settled,2026-04-28,0.06060002985223156,0.0570182770495804,settled,2026-05-19,0.09761679685556524,0.06295558272597335,settled,[x] EliteOptions2 rank 29/288 bull: NVDA有望在5月突破212后上探250，本周可关注200以上做多机会。 https://twitter.com/1018324467758465024/status/2046580095012524316 || [x] aleabitoreddit rank 8/282 bull: 该推文强烈看涨NVDA，认为其在1.6T/CPO和光子学超级周期中的核心地位将推动整个供应链，尤其强调其对Sivers、Win Semi、MRVL等公司的带动作用，并以2026-2028年为关键时间窗口。 https://twitter.com/1940360837547565056/status/2046003874553901188 || [x] alshfaw rank 18/279 bear: NVDA面临熊市波浪C启动，目标区间715至730，基于期权伽马挤压结束和艾略特波浪分析。 https://twitter.com/777152191425642496/status/2045194575044583661 || [x] spacemnke rank 1/282 bull: NVDA突破周五高点后目标价205以上，看涨趋势延续。 https://twitter.com/1208832562455552003/status/2045921446535307409
NVDA,2026-05-08,bull,author_net+weighted_net,2026-05-11,214.035,2.2078848,2,2,0,2026-05-11,0.0252528792019997,0.02138296271072404,settled,2026-05-15,0.052725021608615474,0.04903162762395952,settled,2026-06-08,-0.025206157871376256,-0.02896744512780902,settled,[x] EliteOptions2 rank 21/319 bull: NVDA今日抗跌，有望在市场见底后率先突破，目标价250美元，预期夏季实现。 https://twitter.com/1018324467758465024/status/2052539008949878985 || [youtube] @analisistecnicostreet rank 8/162 bull: 如果突破该区域，我认为将再次打开创出新高并保持上升趋势的大门。 https://www.youtube.com/watch?v=cjUpG-VOAfM
NVDA,2026-06-22,bull,author_net,2026-06-23,202.17,5.292437112376776,2,4,2,2026-06-23,-0.010535687787505577,-0.010222255155080462,settled,2026-06-29,-0.03561359252114549,-0.04541176916087519,settled,,,,pending,[x] aleabitoreddit rank 1/401 bull: 看涨AAOI，认为其激光产能稀缺，需求远超供应，预计2027年上半年收入达4.71亿美元，2028年将有重大增长，目标价170美元。 https://twitter.com/1940360837547565056/status/2067071462360666165 || [x] alshfaw rank 22/402 bear: 认为美联储“救市”时代结束，市场将进入熊市，短期关注$SPY 20日均线和750点关键位，若跌破则看跌，提及NVDA但无具体目标或方向。 https://twitter.com/777152191425642496/status/2067426347434029442 || [x] d_pavlos rank 5/402 bull: NVDA 跌破624后反弹，AI龙头股领涨，目标价680，持有回踩机会。 https://twitter.com/728291846/status/2067713554946359752 || [youtube] @stastalksstocks rank 2/215 bull: 如果英伟达突破215美元，我认为我们可能会迎来一波上涨，无论是在美光财报之前还是之后，这取决于财报表现。如果突破215美元，英伟达将迎来一片光明，短期内可能会达到225-230美元，轻松实现全面突破。 https://www.youtube.com/watch?v=4BRybjBN8JA
NVDA,2026-06-25,bull,author_net,2026-06-26,193.12,5.824590360196028,5,5,3,2026-06-26,-0.003055095277547659,-0.0031168283301099553,settled,2026-07-02,0.008854598177299167,-0.012868577096555534,settled,,,,pending,[x] ZeeContrarian1 rank 33/408 bull: AI在基因组学中的应用将推动数据驱动型公司如WGS价值提升，NVDA作为AI算力核心受益，长期看好。 https://twitter.com/1919667306/status/2070138636503269848 || [x] degentradingLSD rank 15/408 bull: 基于内存股强劲表现及市场情绪修复，预计NVDA在20天内有上涨潜力，目标价200美元，依据为行业基本面与估值预期。 https://twitter.com/998179257200164865/status/2070024198857298162 || [youtube] @buyholdrant rank 15/233 bull: 我认为英伟达作为一家公司正在变得越来越优秀，而其股价却相对横盘。因此，在我看来，这是过去几年来它最具吸引力的时刻。 https://www.youtube.com/watch?v=C3FKDwzPLPs || [youtube] @parkevtatevosiancfa9544 rank 22/233 bull: 我仍然看好英伟达股票，我认为它仍然是目前可以购买的十大或十二大股票之一。 https://www.youtube.com/watch?v=JrRRMnYzGFU || [youtube] @stastalksstocks rank 5/218 bull: 如果接下来能跌破 200 美元进入 190 美元区间，我将继续出手加仓。 https://www.youtube.com/watch?v=DNPETZtW1Fs
PLTR,2025-09-29,bull,author_net+weighted_net,2025-09-30,178.98,2.1116213490521027,2,2,0,2025-09-30,0.019220024583752382,0.01431754619236858,settled,2025-10-06,0.0030729690468209725,-0.010020419395397662,settled,2025-10-27,0.05698960777740547,0.0233359791891683,settled,[x] tradertvshawn rank 1/40 bull: PLTR 182做多，基于回踩昨日收盘价及支撑位，BA AI合作预期推动反弹。 https://twitter.com/1163506552323629056/status/1970837597204132170 || [youtube] @stastalksstocks rank 1/15 bull: 如果突破190美元，我认为**Palantir将达到200美元**。 https://www.youtube.com/watch?v=WW-qIwT6FWE
PLTR,2025-10-20,bull,weighted_net,2025-10-21,182.06,1.6016758079471358,1,3,0,2025-10-21,-0.0030209820938152943,-0.002797581641056923,settled,2025-10-27,0.03910798637811719,0.018555144724358152,settled,2025-11-17,-0.05937602988025925,-0.05078255913082508,settled,[x] AnthonySandford rank 2/49 bear: PLTR 被列为净溢价落后者，显示其在市场转向看跌时的弱势表现，暗示短期下行压力。 https://twitter.com/1414666657/status/1978512769658851797 || [x] EliteOptions2 rank 3/49 bull: PLTR若下周突破184，目标价189，期权策略建议持有10月24日190行权价看涨期权。 https://twitter.com/1018324467758465024/status/1978249505674809528 || [x] d_pavlos rank 3/52 bull: $PLTR 保持在50日均线以上，形成大型杯柄形态，若突破185-190阻力区，目标价217.20，支撑位172.13。 https://twitter.com/728291846/status/1979862674889388461
PLTR,2025-10-31,bull,weighted_net,2025-11-03,205.04499999999996,2.2395213053492005,1,3,1,2025-11-03,0.010412348508864078,0.013810484638488996,settled,2025-11-07,-0.13223926455168356,-0.11080037995705361,settled,2025-12-01,-0.18315491721329447,-0.17527940858669566,settled,[x] AnthonySandford rank 2/65 bull: PLTR 被列为当前市场看涨流中表现突出的标的之一，受力于整体风险偏好回升和看涨期权溢价上升，短期趋势偏强。 https://twitter.com/1414666657/status/1984273418800243086 || [x] tradertvshawn rank 2/58 bull: PLTR关注190以上突破， earnings 周可能推动上涨，上周已突破长期高点。 https://twitter.com/1163506552323629056/status/1982792092611932629 || [x] tradertvshawn rank 2/64 bear: PLTR短期看跌，因昨日大幅上涨后在关键水平回落，建议在200美元附近做空，若错误则迅速离场。 https://twitter.com/1163506552323629056/status/1983883929447735733 || [youtube] @stastalksstocks rank 1/36 bull: 如果 Palantir 的财报表现超出预期，营收增长达到 55% 或 60%，或者发布一些突破性的消息，那么股价可能会涨到 205 美元甚至 210 美元。那时我就会考虑锁定部分利润，但不会全部卖出。 https://www.youtube.com/watch?v=9dw5oyUoKHA
PLTR,2025-11-03,bull,author_net,2025-11-04,192.07,1.4120685053492004,2,4,1,2025-11-04,-0.006924558754620613,-0.005637785892216529,settled,2025-11-10,0.008017910136929318,0.00013457754312051762,settled,2025-12-02,-0.11131358358931642,-0.11933003061716696,settled,[x] AnthonySandford rank 2/65 bull: PLTR 被列为当前市场看涨流中表现突出的标的之一，受力于整体风险偏好回升和看涨期权溢价上升，短期趋势偏强。 https://twitter.com/1414666657/status/1984273418800243086 || [x] tradertvshawn rank 2/64 bear: PLTR短期看跌，因昨日大幅上涨后在关键水平回落，建议在200美元附近做空，若错误则迅速离场。 https://twitter.com/1163506552323629056/status/1983883929447735733 || [youtube] @borexinvesting rank 4/37 bull: 如果他们能在营收上表现出色，营收超过 11 亿美元，并且每股收益和利润率强劲，也许他们还会上调指引。这种组合可能会在年底前将股价推高至 215 美元以上。 https://www.youtube.com/watch?v=OJr6aVOOacQ || [youtube] @stastalksstocks rank 1/37 bull: 我预计明天不会放缓。除非市场出现大幅下跌，否则我预计 Palantir 不会在财报前下跌。我认为我们会上涨到 **205 美元**，并突破周五的高点。 https://www.youtube.com/watch?v=_J73uqsKUL8
PLTR,2025-11-04,bear,weighted_net,2025-11-05,189.0,-0.35503458029741813,0,4,1,2025-11-05,0.0058201058201058364,0.0096720718042832,settled,2025-11-11,-0.010370370370370363,0.0015114631654380428,settled,2025-12-03,0.06835978835978829,0.08156017948248817,settled,[x] AnthonySandford rank 2/65 bull: PLTR 被列为当前市场看涨流中表现突出的标的之一，受力于整体风险偏好回升和看涨期权溢价上升，短期趋势偏强。 https://twitter.com/1414666657/status/1984273418800243086 || [x] AnthonySandford rank 1/69 bear: PLTR 被列为当日最疲软标的之一，显示机构资金正在撤离，市场情绪偏空，短期面临下行压力。 https://twitter.com/1414666657/status/1985737727208280485 || [x] tradertvshawn rank 2/64 bear: PLTR短期看跌，因昨日大幅上涨后在关键水平回落，建议在200美元附近做空，若错误则迅速离场。 https://twitter.com/1163506552323629056/status/1983883929447735733 || [youtube] @borexinvesting rank 4/37 bull: 如果他们能在营收上表现出色，营收超过 11 亿美元，并且每股收益和利润率强劲，也许他们还会上调指引。这种组合可能会在年底前将股价推高至 215 美元以上。 https://www.youtube.com/watch?v=OJr6aVOOacQ || [youtube] @stastalksstocks rank 1/36 bull: 如果 Palantir 的财报表现超出预期，营收增长达到 55% 或 60%，或者发布一些突破性的消息，那么股价可能会涨到 205 美元甚至 210 美元。那时我就会考虑锁定部分利润，但不会全部卖出。 https://www.youtube.com/watch?v=9dw5oyUoKHA || [youtube] @stastalksstocks rank 1/37 bull: 我预计明天不会放缓。除非市场出现大幅下跌，否则我预计 Palantir 不会在财报前下跌。我认为我们会上涨到 **205 美元**，并突破周五的高点。 https://www.youtube.com/watch?v=_J73uqsKUL8
PLTR,2025-11-05,bull,author_net+weighted_net,2025-11-06,187.99000000000004,1.467322868524535,2,4,1,2025-11-06,-0.06883344858769092,-0.05972735371282567,settled,2025-11-12,-0.02032022979945769,-0.03053502129058072,settled,2025-12-04,-0.05356667907867463,-0.06527451534635831,settled,[x] AnthonySandford rank 1/73 bull: 多位国会议员近期增持PLTR，包括民主党议员Cleo Fields持续买入，暗示看涨信号。 https://twitter.com/1414666657/status/1986062606235218154 || [x] tradertvshawn rank 2/64 bear: PLTR短期看跌，因昨日大幅上涨后在关键水平回落，建议在200美元附近做空，若错误则迅速离场。 https://twitter.com/1163506552323629056/status/1983883929447735733 || [youtube] @borexinvesting rank 4/37 bull: 如果他们能在营收上表现出色，营收超过 11 亿美元，并且每股收益和利润率强劲，也许他们还会上调指引。这种组合可能会在年底前将股价推高至 215 美元以上。 https://www.youtube.com/watch?v=OJr6aVOOacQ || [youtube] @stastalksstocks rank 1/37 bull: 我预计明天不会放缓。除非市场出现大幅下跌，否则我预计 Palantir 不会在财报前下跌。我认为我们会上涨到 **205 美元**，并突破周五的高点。 https://www.youtube.com/watch?v=_J73uqsKUL8 || [x] AnthonySandford rank 2/65 bull: PLTR 被列为当前市场看涨流中表现突出的标的之一，受力于整体风险偏好回升和看涨期权溢价上升，短期趋势偏强。 https://twitter.com/1414666657/status/1984273418800243086 || [x] AnthonySandford rank 1/69 bear: PLTR 被列为当日最疲软标的之一，显示机构资金正在撤离，市场情绪偏空，短期面临下行压力。 https://twitter.com/1414666657/status/1985737727208280485 || [x] AnthonySandford rank 1/73 bull: 多位国会议员近期增持PLTR，包括民主党议员Cleo Fields持续买入，暗示看涨信号。 https://twitter.com/1414666657/status/1986062606235218154 || [x] tradertvshawn rank 2/64 bear: PLTR短期看跌，因昨日大幅上涨后在关键水平回落，建议在200美元附近做空，若错误则迅速离场。 https://twitter.com/1163506552323629056/status/1983883929447735733 || [youtube] @borexinvesting rank 4/37 bull: 如果他们能在营收上表现出色，营收超过 11 亿美元，并且每股收益和利润率强劲，也许他们还会上调指引。这种组合可能会在年底前将股价推高至 215 美元以上。 https://www.youtube.com/watch?v=OJr6aVOOacQ || [youtube] @stastalksstocks rank 1/36 bull: 如果 Palantir 的财报表现超出预期，营收增长达到 55% 或 60%，或者发布一些突破性的消息，那么股价可能会涨到 205 美元甚至 210 美元。那时我就会考虑锁定部分利润，但不会全部卖出。 https://www.youtube.com/watch?v=9dw5oyUoKHA || [youtube] @stastalksstocks rank 1/37 bull: 我预计明天不会放缓。除非市场出现大幅下跌，否则我预计 Palantir 不会在财报前下跌。我认为我们会上涨到 **205 美元**，并突破周五的高点。 https://www.youtube.com/watch?v=_J73uqsKUL8
PLTR,2025-11-19,bull,author_net+weighted_net,2025-11-20,172.07,4.2287424,3,3,1,2025-11-20,-0.09487417911315155,-0.0645878109509902,settled,2025-11-26,-0.03661300633463116,-0.046673787122552324,settled,2025-12-18,0.07915383274248855,0.07386337785253283,settled,[x] AnthonySandford rank 3/85 bull: $PLTR 被列为当前看涨流中排名靠前的标的，结合市场情绪降温但支撑位稳固的背景，暗示短期仍具上行潜力。 https://twitter.com/1414666657/status/1990441434026037722 || [x] tradertvshawn rank 2/90 bull: PLTR 166做多，基于支撑位和昨日恐慌性下跌后企稳，适合日内交易。 https://twitter.com/1163506552323629056/status/1991144953393647835 || [youtube] @stastalksstocks rank 1/48 bull: 如果跌破 165 美元到 160 美元，这可能是我们接下来会交易的区间。... 如果股价跌破 160 美元，它可能会跌到 145-150 美元的水平，这将使我们正好处于那个移动平均线。那将是一个真正的逢低买入机会... 我肯定会买入大量股票进行波段交易。我甚至可能会增加我的长期持仓，平均成本为 20 美元每股。 https://www.youtube.com/watch?v=kKlWFDhOWGw
PLTR,2025-12-02,bull,author_net+weighted_net,2025-12-03,170.14,1.7311511537130668,2,2,0,2025-12-03,0.0349124250617141,0.03003416125343583,settled,2025-12-09,0.0687668978488305,0.06513758712399698,settled,2025-12-31,0.04472787116492305,0.04274423979709918,settled,[x] d_pavlos rank 4/108 bull: $PLTR 若突破170–172阻力区，有望上探179.81，支撑位在166和161.27。 https://twitter.com/728291846/status/1995758054474674576 || [youtube] @stastalksstocks rank 1/53 bull: 如果Palantir开始突破170美元、175美元，我们可能会看到这样的情况，右肩开始完成，上升三角形开始发挥作用。是的，动能会建立起来，我认为我们很快就会再次走向200美元。 https://www.youtube.com/watch?v=V02Yqnv2bw4
PLTR,2026-01-08,bull,weighted_net,2026-01-09,177.02,2.6797556537800844,1,3,1,2026-01-09,0.0026550672240424067,-0.002325892189826151,settled,2026-01-15,0.0002824539600043696,-0.0020487508819515554,settled,2026-02-06,-0.2322901367077167,-0.2322756571745369,settled,[x] AnthonySandford rank 9/146 bull: 国会交易报告揭示立法者增持政府关联股如PLTR，与联邦合同和支出公告时间吻合，显示潜在利好。 https://twitter.com/1414666657/status/2008971395632361507 || [x] tradertvshawn rank 3/146 bull: PLTR当前做多，关注183-184支撑位，因特朗普言论引发军费关注。 https://twitter.com/1163506552323629056/status/2009253717745246463 || [youtube] @stastalksstocks rank 1/75 bear: 如果跌破这个水平，我们就会跌到 160 美元，然后可能是 153 到 148 美元之间。 https://www.youtube.com/watch?v=hir7Uq7kqQc
PLTR,2026-01-26,bull,author_net+weighted_net,2026-01-27,167.48,2.4623054751281805,2,2,0,2026-01-27,-0.010628134702651115,-0.012515253317419761,settled,2026-02-02,-0.11774540243611176,-0.1195172771660089,settled,2026-02-24,-0.23071411511822304,-0.2208751684473309,settled,[x] tradertvshawn rank 9/168 bull: PLTR 165做多，关注昨日关键水平的回踩，若破位则考虑做空。 https://twitter.com/1163506552323629056/status/2014689647956214214 || [youtube] @stastalksstocks rank 1/87 bull: 我认为，如果我们突破 180 美元，那将是一个短期交易，回补到 180 美元。如果我们真的回补到 180 到 182 美元，那就是关键时刻了。如果我们能够突破 180 到 182 美元，那将是突破点。 https://www.youtube.com/watch?v=T4EejGBU5PM
PLTR,2026-03-09,bull,author_net+weighted_net,2026-03-10,155.99,0.8614809621323798,3,3,0,2026-03-10,-0.031091736649785373,-0.03029494741529315,settled,2026-03-16,-0.020962882236040814,-0.008140477703195259,settled,2026-04-07,-0.037951150714789494,-0.010653741755337176,settled,[x] TraderJonesy rank 15/240 bull: TJ认为市场即将突破盘整，建议在SPY接近650时做多，并提及PLTR的4月看跌期权将变得非常有利，暗示其短期反弹后可能上涨。 https://twitter.com/1586379350089293824/status/2030823970660889072 || [x] wey_how12640 rank 2/240 bull: PLTR 被列为持仓股，技术面处于50日均线上方、5日均线下方的夹击区间，作者持看涨立场，认为其具备长期投资潜力。 https://twitter.com/1707559719215489024/status/2031158034538574221 || [youtube] @stastalksstocks rank 1/110 bull: 所以，你们可以看到，今天Palantir填补了从140美元到145美元的缺口，我们收盘在145美元以上。你可以说它正在为下一次上涨做准备，目标是160美元到167美元。 https://www.youtube.com/watch?v=lVLK_GOAlLQ || [x] TraderJonesy rank 20/224 bear: PLTR短期或反弹至690，但随后将面临大幅下跌，因月度信号转熊，机构资金正在轮动。 https://twitter.com/1586379350089293824/status/2028952837086953699 || [x] TraderJonesy rank 15/240 bear: $PLTR 2026目标价下调至85美元，基于周线与月线均呈空头信号，尤其重视月线趋势。 https://twitter.com/1586379350089293824/status/2030114912786071712 || [x] TraderJonesy rank 15/240 bull: TJ认为市场即将突破盘整，建议在SPY接近650时做多，并提及PLTR的4月看跌期权将变得非常有利，暗示其短期反弹后可能上涨。 https://twitter.com/1586379350089293824/status/2030823970660889072 || [x] wey_how12640 rank 2/240 bull: PLTR 被列为持仓股，技术面处于50日均线上方、5日均线下方的夹击区间，作者持看涨立场，认为其具备长期投资潜力。 https://twitter.com/1707559719215489024/status/2031158034538574221 || [youtube] @stastalksstocks rank 1/110 bull: 所以，你们可以看到，今天Palantir填补了从140美元到145美元的缺口，我们收盘在145美元以上。你可以说它正在为下一次上涨做准备，目标是160美元到167美元。 https://www.youtube.com/watch?v=lVLK_GOAlLQ
PLTR,2026-04-09,bull,author_net+weighted_net,2026-04-10,128.48,2.4415843054611686,2,2,0,2026-04-10,-0.0032689912826898704,-0.0005389965665505425,settled,2026-04-16,0.11114570361145715,0.08129189042528928,settled,2026-05-07,0.06670298879203007,-0.007065578107517956,settled,[x] Chartradamus rank 20/264 bull: $PLTR 被提及为潜在重仓股，尽管存在下行风险，但长期看涨，因有大量资金流入和积累迹象。 https://twitter.com/1947726500289253376/status/2042265400852070776 || [youtube] @stastalksstocks rank 1/133 bull: 如果它突破 150 美元，我可以看到它很容易填补到 160 美元的缺口。我们上次在 3 月底，也就是我上次制作视频的时候，股价就在 160 美元。我们差点突破，我忘了我们上次视频中是否讨论过杯柄形态，但它仍然存在。我们有杯柄，它仍然存在，但我们必须突破 160 美元。 https://www.youtube.com/watch?v=Jc66EYTmQLY
PLTR,2026-05-05,bull,weighted_net,2026-05-06,133.71,1.9912111830130814,1,3,4,2026-05-06,0.0005983097748858413,-0.0071884403899131755,settled,2026-05-12,0.017126617306110203,0.0033659053746666334,settled,2026-06-03,0.0634956248597709,0.02767932075078372,settled,[x] AnthonySandford rank 14/306 bull: Post指出PLTR 5/22 140c期权溢价高达140万美元，显示强劲看涨信号，结合高活跃度与低复杂性，暗示短期看涨趋势。 https://twitter.com/1414666657/status/2049636901317976099 || [youtube] @datadispatch rank 10/158 bear: 如果它确实下跌，如果它跌破，如果宏观经济环境给我们带来任何进一步的压力，那么我认为它可能会重新测试 130 美元。 https://www.youtube.com/watch?v=ZaS0a54vZm0 || [youtube] @stastalksstocks rank 1/158 bull: 如果股价能突破 150-160 美元，那将引发一些上涨势头。目前我的警报设置在 155 美元。如果突破这个价格，我将进行交易。 https://www.youtube.com/watch?v=j0GjJ5IUiow
PLTR,2026-05-07,bull,author_net+weighted_net,2026-05-08,135.865,2.2849370361873254,2,4,5,2026-05-08,0.014242078533838853,0.01058186599659039,settled,2026-05-14,-0.015714127994700733,-0.03372944918175247,settled,2026-06-05,-0.0024656828469437064,-0.006030648217795309,settled,[x] WealthCoachMak rank 26/317 bull: $PLTR空头看跌期权在132美元行权价平仓，实现80%溢价利润，表明看涨立场。 https://twitter.com/1462154901828501509/status/2052398197629448515 || [youtube] @datadispatch rank 9/162 bear: Palantir未能收复150美元的关键支撑位，即颈线位置。现在的问题是，Palantir接下来会怎样？这取决于卖家和空头有多少控制权。Palantir可能会测试120-130美元的支撑位，这个区域是地缘政治紧张局势后的局部底部。如果这个支撑位未能守住，Palantir可能会继续下跌，直到找到自己的底部并恢复上涨势头。 https://www.youtube.com/watch?v=JN4oZ5qQIZk || [youtube] @parkevtatevosiancfa9544 rank 14/163 bull: 因此，我首次将 Palantir 的股票评级上调为买入，日期是 2026 年 5 月 5 日。 https://www.youtube.com/watch?v=AM5zTL4D3Lg || [youtube] @stastalksstocks rank 1/163 bull: 我坚信 Palantir 会发生这种情况，因为基本面正在改善，但股价却没有上涨。与此同时，我们正在 130-140 美元左右建立一个坚实的基础。但我们必须突破 150-160 美元的阻力位。我们会看到，如果财报，特别是如果下一季度我们再次获得一份出色的财报，而股价仍然持平，那么我将投入更多。这将是一个信号，表明基本面越来越好，指引强劲，我们最终会突破，因为股票会跟随基本面。 https://www.youtube.com/watch?v=-AYtFKid9rw || [x] WealthCoachMak rank 26/317 bull: $PLTR空头看跌期权在132美元行权价平仓，实现80%溢价利润，表明看涨立场。 https://twitter.com/1462154901828501509/status/2052398197629448515 || [youtube] @datadispatch rank 10/158 bear: 如果它确实下跌，如果它跌破，如果宏观经济环境给我们带来任何进一步的压力，那么我认为它可能会重新测试 130 美元。 https://www.youtube.com/watch?v=ZaS0a54vZm0 || [youtube] @datadispatch rank 9/162 bear: Palantir未能收复150美元的关键支撑位，即颈线位置。现在的问题是，Palantir接下来会怎样？这取决于卖家和空头有多少控制权。Palantir可能会测试120-130美元的支撑位，这个区域是地缘政治紧张局势后的局部底部。如果这个支撑位未能守住，Palantir可能会继续下跌，直到找到自己的底部并恢复上涨势头。 https://www.youtube.com/watch?v=JN4oZ5qQIZk || [youtube] @parkevtatevosiancfa9544 rank 14/163 bull: 因此，我首次将 Palantir 的股票评级上调为买入，日期是 2026 年 5 月 5 日。 https://www.youtube.com/watch?v=AM5zTL4D3Lg || [youtube] @stastalksstocks rank 1/158 bull: 如果股价能突破 150-160 美元，那将引发一些上涨势头。目前我的警报设置在 155 美元。如果突破这个价格，我将进行交易。 https://www.youtube.com/watch?v=j0GjJ5IUiow || [youtube] @stastalksstocks rank 1/163 bull: 我坚信 Palantir 会发生这种情况，因为基本面正在改善，但股价却没有上涨。与此同时，我们正在 130-140 美元左右建立一个坚实的基础。但我们必须突破 150-160 美元的阻力位。我们会看到，如果财报，特别是如果下一季度我们再次获得一份出色的财报，而股价仍然持平，那么我将投入更多。这将是一个信号，表明基本面越来越好，指引强劲，我们最终会突破，因为股票会跟随基本面。 https://www.youtube.com/watch?v=-AYtFKid9rw
PLTR,2026-05-29,bull,author_net+weighted_net,2026-06-01,159.98,3.192832578286306,2,2,3,2026-06-01,0.004188023502937899,-2.1889651054873838e-05,settled,2026-06-05,-0.15283160395049378,-0.12925344254401205,settled,2026-06-29,-0.2767845980747593,-0.25777379527874145,settled,[x] acethebulllly rank 14/349 bull: $PLTR完成Wyckoff吸筹阶段，现盘整于$130.58支撑位上方，突破$154.72将开启新一轮上涨，目标价$191.84。 https://twitter.com/2002793071558426624/status/2059032016784379915 || [x] twinsight_x rank 33/359 bull: $PLTR 145C 上方突破 143 为看涨信号，目标价 145，短期（1天）交易机会。 https://twitter.com/427693716/status/2060348427762794683
PLTR,2026-06-02,bull,author_net+weighted_net,2026-06-03,149.7,3.4267199999999995,2,2,3,2026-06-03,-0.05010020040080165,-0.04494290962720804,settled,2026-06-09,-0.11776887107548428,-0.08993796690084865,settled,2026-07-01,-0.16012024048096185,-0.14377782802960004,settled,[x] Chartradamus rank 21/367 bull: PLTR预计在完成子浪3后形成看涨旗形突破，目标价192美元，基于周线布林带挤压和日线200MA阻力回撤的结构判断。 https://twitter.com/1947726500289253376/status/2061907961975554245 || [x] twinsight_x rank 33/359 bull: $PLTR 145C 上方突破 143 为看涨信号，目标价 145，短期（1天）交易机会。 https://twitter.com/427693716/status/2060348427762794683
PLTR,2026-06-23,bull,author_net+weighted_net,2026-06-24,114.12,2.8253024097941157,2,2,2,2026-06-24,-0.005432877672625347,-0.0028076345315831697,settled,2026-06-30,0.022344900105152554,0.006566236666764036,settled,,,,pending,[x] Yeah_Dave rank 8/404 bull: 认为PLTR被过度抛售，若股价回升至128美元将考虑买入，目标明确且有时间框架。 https://twitter.com/942906776562819072/status/2069225227930972289 || [youtube] @stastalksstocks rank 2/215 bull: 所以，我想要表达的是，如果我们放大一点，我把这个延伸到右边，这就是我们现在开始填补的缺口，在我看来，**跌到每股 100 美元**。我认为这可能是我们短期内的目标，这支股票就会变得非常有趣。 https://www.youtube.com/watch?v=NQKIUFmiohI
PLTR,2026-07-13,bear,author_net+weighted_net,2026-07-14,123.61,-1.9722434797479085,-2,4,3,2026-07-14,-0.08178949923145384,-0.08056431911665962,settled,,,,pending,,,,pending,[x] OptionsMike rank 22/456 bear: PLTR 上周在100日均线遭遇强力抛售，再次跌破所有移动平均线，技术面偏空。 https://twitter.com/3376824064/status/2076304913374589133 || [x] Sam_Badawi rank 37/456 bear: 迈克尔·巴里对AI和半导体持看空立场，明确做空$PLTR等股票。 https://twitter.com/1241543417093451776/status/2076436347049619712 || [x] commonsenseplay rank 26/456 bear: 警告$PLTR等热门股存在过度拥挤风险，若资金流向逆转将可能暴跌，建议获利了结避免被套。 https://twitter.com/1867041965172461569/status/2076766901276143662 || [x] thestockwhale rank 9/456 bull: 该推文将PLTR列为软件股中可能实现10倍增长的标的之一，呼吁在三年内买入以成为百万富翁，属于多头型组合推荐。 https://twitter.com/1866580261363912707/status/2076574010012537318
PLTR,2026-07-14,bull,weighted_net,2026-07-15,134.34,9.400410526372514,-1,5,4,2026-07-15,-0.004317403602798975,-0.0050731312226547365,settled,,,,pending,,,,pending,[x] Limitlesss1 rank 44/463 bull: Palantir $PLTR 股价上涨3%，其看涨期权全部上涨100%，显示强烈看涨信号。 https://twitter.com/70578585/status/2077055760710922457 || [x] Limitlesss1 rank 44/463 bull: Discord成员已通过买入Palantir看涨期权获利，作者昨日已发出预警，暗示短期看涨 https://twitter.com/70578585/status/2077064953421566118 || [x] Limitlesss1 rank 44/463 bull: Palantir $PLTR 股票看涨，目标价142美元，7月17日前期权收益预期+100%，已发出明确买入信号。 https://twitter.com/70578585/status/2077069039525106162 || [x] Limitlesss1 rank 44/463 bull: Discord成员正押注$PLTR看涨期权，作者昨日已提示买入看涨期权，属于明确的看涨行动。 https://twitter.com/70578585/status/2077079241834021375 || [x] Limitlesss1 rank 44/463 bull: 在$135前不要行动，已买入看涨期权，预期Palantir将被挤压至目标价135美元。 https://twitter.com/70578585/status/2077087889159303253 || [x] Limitlesss1 rank 44/463 bull: Palantir看涨期权在一夜之间实现超278%回报，提示投资者关注。 https://twitter.com/70578585/status/2077094871786254343 || [x] Limitlesss1 rank 44/463 bull: Discord Trading 会员因帕兰特尔看涨期权交易获得360%投资回报，已发出买入信号。 https://twitter.com/70578585/status/2077095778292818379 || [x] Limitlesss1 rank 44/463 bull: $PLTR 135买入期权在7月17日到期，10分钟内成交3000份合约，交易量激增，显示看涨情绪，当前涨幅超100%，可能预示未来180天内股价上涨。 https://twitter.com/70578585/status/2077103428996845968 || [x] Limitlesss1 rank 44/463 bull: 异常鲸鱼流量数据显示，PLTR 135美元看涨期权在10分钟内成交3000份合约，交易量飙升至3.5万，显示强烈看涨信号。 https://twitter.com/70578585/status/2077103661411619236 || [x] Limitlesss1 rank 44/463 bull: 柏拉图（PLTR）看涨期权今日帮助多位交易员获利，因伽马挤压效应推动股价上涨。 https://twitter.com/70578585/status/2077104374892138608 || [x] Limitlesss1 rank 44/463 bull: 推文指出PLTR出现本周最看涨的盘面形态，视为当日买入信号，明确表达看涨立场。 https://twitter.com/70578585/status/2077105071347970078 || [x] OptionsMike rank 22/456 bear: PLTR 上周在100日均线遭遇强力抛售，再次跌破所有移动平均线，技术面偏空。 https://twitter.com/3376824064/status/2076304913374589133 || [x] Sam_Badawi rank 37/456 bear: 迈克尔·巴里对AI和半导体持看空立场，明确做空$PLTR等股票。 https://twitter.com/1241543417093451776/status/2076436347049619712 || [x] commonsenseplay rank 26/456 bear: 警告$PLTR等热门股存在过度拥挤风险，若资金流向逆转将可能暴跌，建议获利了结避免被套。 https://twitter.com/1867041965172461569/status/2076766901276143662 || [x] thestockwhale rank 9/456 bull: 该推文将PLTR列为软件股中可能实现10倍增长的标的之一，呼吁在三年内买入以成为百万富翁，属于多头型组合推荐。 https://twitter.com/1866580261363912707/status/2076574010012537318
